Unnamed: 0,ID,Country of Origin,Altitude,Grading Date,Variety,Processing Method,Aroma,Flavor,Aftertaste,Acidity,Body,Balance,Uniformity,Clean Cup,Sweetness,Overall,Defects,Total Cup Points,Moisture Percentage,Category One Defects,Quakers,Color,Category Two Defects,Expiration,Aroma_Category,Flavor_Category,Aftertaste_Category,Acidity_Category,Body_Category,Overall_Category
0,0,Colombia,1700-1930,"September 21st, 2022",Castillo,Double Anaerobic Washed,8.58,8.5,8.42,8.58,8.25,8.42,10.0,10,10,8.58,0,89.33,11.8,0,0,green,3,"September 21st, 2023",Best,Best,Best,Best,Best,Best
1,1,Taiwan,1200,"November 15th, 2022",Gesha,Washed / Wet,8.5,8.5,7.92,8.0,7.92,8.25,10.0,10,10,8.5,0,87.58,10.5,0,0,blue-green,0,"November 15th, 2023",Best,Best,Best,Best,Best,Best
2,2,Laos,1300,"November 15th, 2022",Java,Semi Washed,8.33,8.42,8.08,8.17,7.92,8.17,10.0,10,10,8.33,0,87.42,10.4,0,0,yellowish,2,"November 15th, 2023",Best,Best,Best,Best,Best,Best
3,3,Costa Rica,1900,"September 21st, 2022",Gesha,Washed / Wet,8.08,8.17,8.17,8.25,8.17,8.08,10.0,10,10,8.25,0,87.17,11.8,0,0,green,0,"September 21st, 2023",Best,Best,Best,Best,Best,Best
4,4,Colombia,1850-2100,"March 6th, 2023",Red Bourbon,"Honey,Mossto",8.33,8.33,8.08,8.25,7.92,7.92,10.0,10,10,8.25,0,87.08,11.6,0,2,yellow-green,2,"March 5th, 2024",Best,Best,Best,Best,Best,Best
5,5,Guatemala,1668,"November 15th, 2022",Gesha,Washed / Wet,8.33,8.33,8.25,7.83,7.83,8.17,10.0,10,10,8.25,0,87.0,10.7,0,0,green,2,"November 15th, 2023",Best,Best,Best,Good,Best,Best
6,6,Taiwan,1250,"November 15th, 2022",Gesha,Washed / Wet,8.33,8.17,8.08,8.0,7.83,8.25,10.0,10,10,8.25,0,86.92,9.1,0,0,green,0,"November 15th, 2023",Best,Best,Best,Best,Best,Best
7,7,Taiwan,1200,"November 15th, 2022",Sl34+Gesha,Natural / Dry,8.25,8.25,8.17,8.0,7.92,8.08,10.0,10,10,8.08,0,86.75,10.0,0,0,yellow green,1,"November 15th, 2023",Best,Best,Best,Best,Best,Best
8,8,Taiwan,1250,"November 15th, 2022",SL34,Washed / Wet,8.08,8.08,8.25,8.08,7.92,8.0,10.0,10,10,8.25,0,86.67,10.8,0,0,greenish,0,"November 15th, 2023",Best,Best,Best,Best,Best,Best
9,9,"Tanzania, United Republic Of",1400-1700,"February 1st, 2023",Bourbon,Washed / Wet,8.08,8.17,8.08,8.17,8.0,8.0,10.0,10,10,8.0,0,86.5,11.0,0,0,greenish,0,"February 1st, 2024",Best,Best,Best,Best,Best,Best
10,10,Ethiopia,1800-2200,"May 31st, 2022",Ethiopian Heirlooms,Natural / Dry,8.08,8.25,8.0,8.08,7.92,7.92,10.0,10,10,8.0,0,86.25,11.8,0,1,greenish,1,"May 31st, 2023",Best,Best,Best,Best,Best,Best
11,11,Guatemala,2000,"November 15th, 2022",Gesha,Natural / Dry,8.08,8.0,8.0,7.75,8.25,8.17,10.0,10,10,8.0,0,86.25,11.5,0,0,brownish,1,"November 15th, 2023",Best,Best,Best,Good,Best,Best
12,12,Taiwan,1250,"November 15th, 2022",Gesha,Washed / Wet,8.08,8.0,8.08,8.08,8.0,8.0,10.0,10,10,8.0,0,86.25,11.9,0,0,green,0,"November 15th, 2023",Best,Best,Best,Best,Best,Best
13,13,Ethiopia,1900-2000,"August 26th, 2022",Gesha,Natural / Dry,7.67,8.17,8.0,8.33,8.0,8.0,10.0,10,10,8.0,0,86.17,11.6,0,3,yellow- green,2,"August 26th, 2023",Good,Best,Best,Best,Best,Best
14,14,Colombia,1850,"November 15th, 2022",Caturra,Washed / Wet,8.08,8.0,8.08,7.92,8.08,8.0,10.0,10,10,8.0,0,86.17,10.6,0,0,green,0,"November 15th, 2023",Best,Best,Best,Best,Best,Best
15,15,Taiwan,1100,"November 15th, 2022",SL34,Pulped natural / honey,8.17,8.08,8.0,7.92,8.0,7.92,10.0,10,10,8.0,0,86.08,10.2,0,0,green,0,"November 15th, 2023",Best,Best,Best,Best,Best,Best
16,16,Ethiopia,1900-2100,"April 7th, 2023","Wolishalo,Kurume,Dega",Washed / Wet,8.17,8.08,7.92,8.17,7.75,7.92,10.0,10,10,8.08,0,86.08,11.3,0,2,green,2,"April 6th, 2024",Best,Best,Best,Best,Good,Best
17,17,Taiwan,1300,"October 24th, 2022",Gesha,Natural / Dry,8.0,8.17,8.0,7.92,7.92,7.92,10.0,10,10,8.17,0,86.08,10.3,0,0,yellow-green,0,"October 24th, 2023",Best,Best,Best,Best,Best,Best
18,18,Taiwan,1200,"October 24th, 2022",Gesha,Natural / Dry,8.08,8.17,7.75,7.92,7.83,8.0,10.0,10,10,8.17,0,85.92,11.0,0,0,brownish,1,"October 24th, 2023",Best,Best,Best,Best,Best,Best
19,19,"Tanzania, United Republic Of",1570-1600,"February 1st, 2023",Bourbon,Washed / Wet,8.17,8.0,7.92,7.92,8.17,7.75,10.0,10,10,7.92,0,85.83,10.0,0,0,greenish,0,"February 1st, 2024",Best,Best,Best,Best,Best,Best
20,20,Guatemala,1900,"November 15th, 2022",Gesha,Natural / Dry,8.0,7.92,8.08,7.92,7.75,8.0,10.0,10,10,8.08,0,85.75,11.6,0,0,yellowish,0,"November 15th, 2023",Best,Good,Best,Best,Good,Best
21,21,Taiwan,850,"December 12th, 2022",Typica,Natural / Dry,8.08,8.0,7.92,7.92,8.0,7.83,10.0,10,10,7.92,0,85.67,10.4,0,0,green,0,"December 12th, 2023",Best,Best,Best,Best,Best,Best
22,22,Thailand,1500-1700,"August 16th, 2022",Catimor,Pulped natural / honey,7.67,8.0,7.83,8.0,8.08,8.0,10.0,10,10,8.08,0,85.67,9.8,0,0,browish-green,5,"August 16th, 2023",Good,Best,Best,Best,Best,Best
23,23,Colombia,1350,"April 7th, 2023",Castillo Paraguaycito,,8.08,8.0,7.83,8.17,7.75,7.83,10.0,10,10,8.0,0,85.67,11.3,0,0,brownish,2,"April 6th, 2024",Best,Best,Best,Best,Good,Best
24,24,Taiwan,1250,"November 15th, 2022",SL34,Washed / Wet,7.83,8.0,7.92,8.0,8.0,7.92,10.0,10,10,7.92,0,85.58,10.6,0,0,bluish-green,0,"November 15th, 2023",Good,Best,Best,Best,Best,Best
25,25,Brazil,1250,"January 6th, 2023",,Pulped natural / honey,7.83,8.08,7.83,7.92,8.0,7.83,10.0,10,10,8.0,0,85.5,11.3,2,0,green,3,"January 6th, 2024",Good,Best,Best,Best,Best,Best
26,26,Taiwan,1300,"November 15th, 2022",Gesha,Natural / Dry,7.92,7.92,8.0,7.92,7.83,7.92,10.0,10,10,8.0,0,85.5,9.1,0,0,green,2,"November 15th, 2023",Best,Good,Best,Best,Best,Best
27,27,Taiwan,1200,"November 15th, 2022",Gesha,Natural / Dry,8.17,8.08,7.92,8.0,7.58,7.83,10.0,10,10,7.92,0,85.5,10.6,0,0,green,0,"November 15th, 2023",Best,Best,Best,Best,Ok,Best
28,28,Taiwan,1060,"November 15th, 2022",Gesha,Natural / Dry,8.0,8.0,8.0,7.92,7.75,7.92,10.0,10,10,7.92,0,85.5,10.2,0,0,blue-green,0,"November 15th, 2023",Best,Best,Best,Best,Good,Best
29,29,United States (Hawaii),600,"November 15th, 2022",Typica,Washed / Wet,8.0,7.92,8.0,7.83,7.67,8.0,10.0,10,10,8.0,0,85.42,9.3,0,0,green,0,"November 15th, 2023",Best,Good,Best,Good,Good,Best
30,30,Taiwan,150-250,"December 12th, 2022",Typica,Washed / Wet,8.0,8.0,7.83,7.83,7.75,7.92,10.0,10,10,8.08,0,85.42,11.4,0,0,bluish-green,0,"December 12th, 2023",Best,Best,Best,Good,Good,Best
31,31,Taiwan,150-250,"December 12th, 2022",Typica,Washed / Wet,7.92,8.0,7.83,7.92,7.83,7.83,10.0,10,10,8.0,0,85.33,10.8,0,0,green,0,"December 12th, 2023",Best,Best,Best,Best,Best,Best
32,32,Taiwan,668,"June 8th, 2022",Gesha,Washed / Wet,8.08,8.17,7.67,7.83,7.67,7.92,10.0,10,10,8.0,0,85.33,11.3,0,0,green,0,"June 8th, 2023",Best,Best,Good,Good,Good,Best
33,33,Ethiopia,1950,"June 6th, 2022",Ethiopian Heirlooms,Washed / Wet,7.67,7.83,7.83,8.0,8.0,8.0,10.0,10,10,8.0,0,85.33,9.9,0,2,green,3,"June 6th, 2023",Good,Good,Best,Best,Best,Best
34,34,Ethiopia,2150 - 2350,"September 30th, 2022",Ethiopian Heirlooms,Natural / Dry,8.0,8.08,8.0,8.0,7.67,7.75,10.0,10,10,7.83,0,85.33,12.3,0,3,yellow green,4,"September 30th, 2023",Best,Best,Best,Best,Good,Good
35,35,Ethiopia,1700,"December 12th, 2022",Ethiopian Heirlooms,Washed / Wet,7.92,7.75,7.83,8.17,8.0,7.75,10.0,10,10,7.83,0,85.25,9.4,0,1,greenish,1,"December 12th, 2023",Best,Good,Best,Best,Best,Good
36,36,Taiwan,1200,"November 15th, 2022",Gesha,Washed / Wet,8.0,7.92,7.83,7.92,7.83,7.83,10.0,10,10,7.92,0,85.25,9.5,0,0,bluish-green,0,"November 15th, 2023",Best,Good,Best,Best,Best,Best
37,37,Taiwan,650,"June 8th, 2022",Gesha,Pulped natural / honey,8.25,8.08,7.83,7.75,7.67,7.75,10.0,10,10,7.92,0,85.25,11.3,0,0,green,0,"June 8th, 2023",Best,Best,Best,Good,Good,Best
38,38,Kenya,1600-1900,"February 28th, 2023",SL28,Washed / Wet,8.17,7.75,7.83,7.58,7.92,8.0,10.0,10,10,8.0,0,85.25,9.2,0,0,greenish,1,"February 28th, 2024",Best,Good,Best,Ok,Best,Best
39,39,Taiwan,850,"October 24th, 2022",Gesha,Washed / Wet,7.75,7.92,7.75,8.0,7.83,7.92,10.0,10,10,8.0,0,85.17,10.3,0,0,bluish-green,0,"October 24th, 2023",Good,Good,Best,Best,Best,Best
40,40,Taiwan,300-500,"December 12th, 2022",Typica,Natural / Dry,8.0,7.92,7.83,7.92,7.75,7.75,10.0,10,10,7.92,0,85.08,10.0,0,0,brownish,0,"December 12th, 2023",Best,Good,Best,Best,Good,Best
41,41,Taiwan,1000,"December 30th, 2022",Typica,Washed / Wet,8.0,8.08,7.67,7.75,7.92,7.83,10.0,10,10,7.83,0,85.08,10.5,0,0,greenish,0,"December 30th, 2023",Best,Best,Good,Good,Best,Good
42,42,Taiwan,800,"January 6th, 2023",Gesha,Washed / Wet,8.0,7.92,7.67,8.0,7.75,7.83,10.0,10,10,7.92,0,85.08,10.0,0,0,pale yellow,5,"January 6th, 2024",Best,Good,Good,Best,Good,Best
43,43,Uganda,1905,"June 29th, 2022",SL14,Washed / Wet,8.0,7.92,7.75,7.75,7.75,7.92,10.0,10,10,7.92,0,85.0,11.0,0,0,green,1,"June 29th, 2023",Best,Good,Best,Good,Good,Best
44,44,Taiwan,150,"December 12th, 2022",Typica,,7.92,8.0,7.92,8.0,7.58,7.75,10.0,10,10,7.83,0,85.0,10.9,0,0,green,0,"December 12th, 2023",Best,Best,Best,Best,Ok,Good
45,45,Taiwan,800,"November 15th, 2022",Gesha,Natural / Dry,8.17,8.08,7.83,7.67,7.67,7.75,10.0,10,10,7.83,0,85.0,10.1,0,0,yellow green,0,"November 15th, 2023",Best,Best,Best,Good,Good,Good
46,46,Guatemala,1600,"April 17th, 2023",Caturra,Washed / Wet,7.67,8.08,7.67,8.0,7.92,7.83,10.0,10,10,7.83,0,85.0,9.9,0,1,green,1,"April 16th, 2024",Good,Best,Good,Best,Best,Good
47,47,Guatemala,4700,"February 23rd, 2023",Catuai,Washed / Wet,7.67,8.0,7.75,7.92,8.0,7.83,10.0,10,10,7.83,0,85.0,11.3,0,0,green,4,"February 23rd, 2024",Good,Best,Best,Best,Best,Good
48,48,Guatemala,1600,"June 22nd, 2022",Caturra,Washed / Wet,7.83,7.92,7.75,8.0,7.75,7.75,10.0,10,10,7.92,0,84.92,11.7,0,3,green,1,"June 22nd, 2023",Good,Good,Best,Best,Good,Best
49,49,Taiwan,350-400,"January 6th, 2023",Typica,Washed / Wet,7.92,7.92,7.83,7.83,7.75,7.83,10.0,10,10,7.83,0,84.92,9.5,0,0,green,2,"January 6th, 2024",Best,Good,Best,Good,Good,Good
50,50,Taiwan,230,"January 6th, 2023",Yellow Bourbon,Natural / Dry,8.0,8.0,7.75,7.75,7.67,7.75,10.0,10,10,7.92,0,84.83,9.7,0,0,brownish,0,"January 6th, 2024",Best,Best,Best,Good,Good,Best
51,51,Indonesia,1200,"September 23rd, 2022",Catimor,,7.83,7.92,7.75,7.83,7.83,7.83,10.0,10,10,7.83,0,84.83,11.9,0,3,bluish-green,2,"September 23rd, 2023",Good,Good,Best,Good,Best,Good
52,52,Peru,1750,"November 15th, 2022",Gesha,Washed / Wet,8.0,8.0,7.83,7.83,7.58,7.83,10.0,10,10,7.75,0,84.83,10.7,0,0,greenish,0,"November 15th, 2023",Best,Best,Best,Good,Ok,Good
53,53,"Tanzania, United Republic Of",1654,"November 9th, 2022",Bourbon,Washed / Wet,7.92,7.75,7.75,7.92,7.83,7.83,10.0,10,10,7.83,0,84.83,11.2,0,0,greenish,0,"November 9th, 2023",Best,Good,Best,Best,Best,Good
54,54,Taiwan,1300,"November 15th, 2022",SL34,Natural / Dry,7.83,7.83,7.67,7.67,7.83,8.0,10.0,10,10,8.0,0,84.83,9.5,0,0,greenish,0,"November 15th, 2023",Good,Good,Good,Good,Best,Best
55,55,Taiwan,1400,"November 15th, 2022",SL34,Washed / Wet,7.67,7.92,7.92,7.83,7.75,7.83,10.0,10,10,7.83,0,84.75,10.4,0,0,green,0,"November 15th, 2023",Good,Good,Best,Good,Good,Good
56,56,Brazil,1100,"February 13th, 2023",Yellow Bourbon,Double Carbonic Maceration / Natural,7.83,7.92,7.75,7.92,7.67,7.83,10.0,10,10,7.83,0,84.75,11.2,0,1,green,5,"February 13th, 2024",Good,Good,Best,Best,Good,Good
57,57,Panama,1200,"April 26th, 2023",Catuai,Washed / Wet,7.83,7.83,7.75,7.92,7.83,7.75,10.0,10,10,7.83,0,84.75,10.3,0,1,bluish-green,5,"April 25th, 2024",Good,Good,Best,Best,Best,Good
58,58,Taiwan,1200,"December 30th, 2022",Yellow Bourbon,Pulped natural / honey,7.92,8.08,7.67,7.92,7.67,7.75,10.0,10,10,7.75,0,84.75,10.0,0,0,blue-green,0,"December 30th, 2023",Best,Best,Good,Best,Good,Good
59,59,Guatemala,1600,"April 28th, 2023",Caturra,Washed / Wet,7.67,8.0,7.67,7.83,7.92,7.67,10.0,10,10,7.92,0,84.67,10.6,0,0,green,1,"April 27th, 2024",Good,Best,Good,Good,Best,Best
60,60,Guatemala,4895,"May 19th, 2022",Bourbon,Natural / Dry,7.83,8.0,7.67,7.83,7.75,7.75,10.0,10,10,7.83,0,84.67,10.9,0,3,yellow-green,2,"May 19th, 2023",Good,Best,Good,Good,Good,Good
61,61,Costa Rica,1850,"April 19th, 2023",Caturra,Washed / Wet,7.58,7.83,7.5,7.67,7.83,7.67,10.0,10,10,8.58,0,84.67,10.0,0,1,green,2,"April 18th, 2024",Ok,Good,Ok,Good,Best,Best
62,62,Taiwan,200-300,"January 6th, 2023",Typica,Pulped natural / honey,7.83,7.83,7.75,7.75,7.75,7.75,10.0,10,10,7.92,0,84.58,9.6,0,0,greenish,0,"January 6th, 2024",Good,Good,Best,Good,Good,Best
63,63,Taiwan,700,"June 8th, 2022",Gesha,Pulped natural / honey,8.17,7.83,7.67,7.83,7.67,7.67,10.0,10,10,7.75,0,84.58,11.5,0,0,green,0,"June 8th, 2023",Best,Good,Good,Good,Good,Good
64,64,Nicaragua,1350,"June 9th, 2022",Catrenic,Natural / Dry,7.92,7.75,7.67,7.67,7.83,7.75,10.0,10,10,8.0,0,84.58,9.9,1,0,green,2,"June 9th, 2023",Best,Good,Good,Good,Best,Best
65,65,Taiwan,1250,"November 15th, 2022",Gesha,Washed / Wet,8.08,7.83,7.67,7.67,7.67,7.75,10.0,10,10,7.92,0,84.58,11.2,0,0,green,2,"November 15th, 2023",Best,Good,Good,Good,Good,Best
66,66,Taiwan,1450,"November 15th, 2022",SL34,Natural / Dry,7.83,8.0,7.67,7.75,7.67,7.75,10.0,10,10,7.92,0,84.58,10.3,0,0,green,0,"November 15th, 2023",Good,Best,Good,Good,Good,Best
67,67,Vietnam,650,"November 15th, 2022",Catimor,Natural / Dry,8.0,7.83,7.75,7.67,7.58,7.83,10.0,10,10,7.92,0,84.58,11.6,0,0,brownish,0,"November 15th, 2023",Best,Good,Best,Good,Ok,Best
68,68,Costa Rica,1900,"October 4th, 2022",Gesha,Washed / Wet,7.75,7.83,7.67,7.83,7.75,7.75,10.0,10,10,7.92,0,84.5,11.7,0,1,green,0,"October 4th, 2023",Good,Good,Good,Good,Good,Best
69,69,Taiwan,520,"January 6th, 2023",unknown,Pulped natural / honey,7.75,7.92,7.83,7.75,7.75,7.75,10.0,10,10,7.75,0,84.5,11.3,0,0,bluish-green,0,"January 6th, 2024",Good,Good,Best,Good,Good,Good
70,70,Honduras,1368,"April 25th, 2023",Catuai,Washed / Wet,7.83,7.92,7.75,7.75,7.75,7.75,10.0,10,10,7.75,0,84.5,9.8,0,0,green,3,"April 24th, 2024",Good,Good,Best,Good,Good,Good
71,71,Ethiopia,1943,"August 23rd, 2022",Ethiopian Heirlooms,Washed / Wet,7.92,7.83,7.75,7.92,7.58,7.67,10.0,10,10,7.83,0,84.5,10.9,0,0,green,9,"August 23rd, 2023",Best,Good,Best,Best,Ok,Good
72,72,Taiwan,400,"December 12th, 2022",Typica,Natural / Dry,8.08,7.92,7.75,7.83,7.5,7.58,10.0,10,10,7.83,0,84.5,10.2,0,0,green,0,"December 12th, 2023",Best,Good,Best,Good,Ok,Good
73,73,Taiwan,850,"November 15th, 2022",Gesha,Washed / Wet,7.83,8.0,7.5,7.75,7.75,7.75,10.0,10,10,7.83,0,84.42,10.1,0,0,bluish-green,1,"November 15th, 2023",Good,Best,Ok,Good,Good,Good
74,74,Guatemala,1300-1400,"April 26th, 2023",Bourbon,Washed / Wet,7.67,7.83,7.75,7.75,7.83,7.75,10.0,10,10,7.75,0,84.33,9.2,0,1,green,5,"April 25th, 2024",Good,Good,Best,Good,Best,Good
75,75,United States (Hawaii),1300,"November 9th, 2022",Catuai,Washed / Wet,7.92,7.83,7.75,7.92,7.5,7.67,10.0,10,10,7.75,0,84.33,10.1,3,0,yellow-green,7,"November 9th, 2023",Best,Good,Best,Best,Ok,Good
76,76,Ethiopia,2361,"September 19th, 2022",Ethiopian Heirlooms,Natural / Dry,7.83,7.75,7.58,7.92,8.0,7.5,10.0,10,10,7.75,0,84.33,11.0,0,5,yellow green,4,"September 19th, 2023",Good,Good,Good,Best,Best,Good
77,77,El Salvador,1500,"November 15th, 2022",Pacamara,Pulped natural / honey,7.83,7.83,7.83,7.83,7.67,7.67,10.0,10,10,7.67,0,84.33,10.3,0,0,brownish,4,"November 15th, 2023",Good,Good,Best,Good,Good,Good
78,78,Colombia,2100,"May 11th, 2022",Castillo and Colombia blend,Washed / Wet,7.75,7.75,7.75,7.75,7.83,7.67,10.0,10,10,7.83,0,84.33,11.6,0,0,green,1,"May 11th, 2023",Good,Good,Best,Good,Best,Good
79,79,Indonesia,1250-1350,"September 21st, 2022","Jember,TIM-TIM,Ateng",Wet Hulling,7.67,7.67,7.83,7.83,7.67,7.75,10.0,10,10,7.83,0,84.25,11.5,0,1,blue-green,1,"September 21st, 2023",Good,Ok,Best,Good,Good,Good
80,80,Guatemala,1600,"April 17th, 2023",Typica,Washed / Wet,7.58,7.92,7.67,7.75,7.83,7.75,10.0,10,10,7.75,0,84.25,10.0,0,0,green,1,"April 16th, 2024",Ok,Good,Good,Good,Best,Good
81,81,Madagascar,1500,"December 12th, 2022",Bourbon,Washed / Wet,7.92,7.92,7.58,7.75,7.58,7.67,10.0,10,10,7.83,0,84.25,12.1,0,0,blue-green,0,"December 12th, 2023",Best,Good,Good,Good,Ok,Good
82,82,Honduras,1368,"April 25th, 2023",Catuai,Washed / Wet,7.75,7.75,7.58,7.83,7.75,7.75,10.0,10,10,7.75,0,84.17,10.2,0,0,green,2,"April 24th, 2024",Good,Good,Good,Good,Good,Good
83,83,Guatemala,1600,"May 19th, 2022",Caturra,Washed / Wet,7.58,7.92,7.58,7.83,7.75,7.67,10.0,10,10,7.75,0,84.08,11.0,0,3,green,2,"May 19th, 2023",Ok,Good,Good,Good,Good,Good
84,84,Taiwan,150,"January 6th, 2023",unknown,Pulped natural / honey,7.83,7.92,7.83,7.58,7.58,7.67,10.0,10,10,7.67,0,84.08,10.8,0,0,greenish,2,"January 6th, 2024",Good,Good,Best,Ok,Ok,Good
85,85,Taiwan,800,"November 15th, 2022",Gesha,Natural / Dry,7.92,7.75,7.67,7.75,7.75,8.0,9.33,10,10,7.92,0,84.08,10.6,0,0,yello-green,0,"November 15th, 2023",Best,Good,Good,Good,Good,Best
86,86,Guatemala,1500-1600,"March 22nd, 2023",Caturra,Washed / Wet,7.67,7.83,7.67,7.83,7.75,7.67,10.0,10,10,7.67,0,84.08,11.0,0,1,green,2,"March 21st, 2024",Good,Good,Good,Good,Good,Good
87,87,Guatemala,1500-1600,"March 22nd, 2023",Caturra,Washed / Wet,7.67,7.92,7.67,7.75,7.67,7.58,10.0,10,10,7.75,0,84.0,11.0,0,2,green,2,"March 21st, 2024",Good,Good,Good,Good,Good,Good
88,88,Honduras,1800,"November 15th, 2022",Typica,Pulped natural / honey,7.75,7.75,7.75,7.67,7.75,7.67,10.0,10,10,7.67,0,84.0,9.4,0,0,green,0,"November 15th, 2023",Good,Good,Best,Good,Good,Good
89,89,"Tanzania, United Republic Of",1600-1750,"January 3rd, 2023",Bourbon,Washed / Wet,7.58,7.67,7.75,7.75,7.75,7.75,10.0,10,10,7.75,0,84.0,9.8,0,0,greenish,3,"January 3rd, 2024",Ok,Ok,Best,Good,Good,Good
90,90,Ethiopia,1800,"November 18th, 2022",Ethiopian Heirlooms,Washed / Wet,8.0,7.75,7.5,7.67,7.67,7.67,10.0,10,10,7.75,0,84.0,11.3,1,1,green,1,"November 18th, 2023",Best,Good,Ok,Good,Good,Good
91,91,"Tanzania, United Republic Of",1400-1700,"November 21st, 2022",Bourbon,Washed / Wet,7.75,7.58,7.58,7.92,7.67,7.75,10.0,10,10,7.75,0,84.0,11.6,0,0,greenish,2,"November 21st, 2023",Good,Ok,Good,Best,Good,Good
92,92,Colombia,1400-1700,"July 27th, 2022",Caturra,Washed / Wet,7.67,7.83,7.58,7.92,7.67,7.67,10.0,10,10,7.67,0,84.0,13.3,0,2,green,3,"July 27th, 2023",Good,Good,Good,Best,Good,Good
93,93,Costa Rica,1850,"April 19th, 2023",Caturra,Washed / Wet,7.67,7.92,7.58,7.75,7.67,7.58,10.0,10,10,7.75,0,83.92,9.5,0,0,green,2,"April 18th, 2024",Good,Good,Good,Good,Good,Good
94,94,Guatemala,1900,"November 15th, 2022",Gesha,Natural / Dry,7.83,7.83,7.58,7.67,7.67,7.58,10.0,10,10,7.75,0,83.92,11.9,0,0,greenish,0,"November 15th, 2023",Good,Good,Good,Good,Good,Good
95,95,Guatemala,1600,"April 17th, 2023",Bourbon,Washed / Wet,7.58,7.83,7.58,7.75,7.67,7.75,10.0,10,10,7.75,0,83.92,10.0,0,1,green,2,"April 16th, 2024",Ok,Good,Good,Good,Good,Good
96,96,Thailand,1300-1400,"September 21st, 2022",Catimor,Natural / Dry,7.75,7.67,7.58,7.75,7.75,7.67,10.0,10,10,7.75,0,83.92,11.6,0,0,yellowish,3,"September 21st, 2023",Good,Ok,Good,Good,Good,Good
97,97,Colombia,1411,"April 17th, 2023",,Washed / Wet,7.67,7.75,7.67,7.75,7.67,7.67,10.0,10,10,7.67,0,83.83,11.9,0,1,green,1,"April 16th, 2024",Good,Good,Good,Good,Good,Good
98,98,Guatemala,1400,"May 13th, 2022","BOURBON, CATURRA Y CATIMOR",Natural / Dry,7.58,7.83,7.67,7.67,7.67,7.67,10.0,10,10,7.75,0,83.83,10.8,0,0,green,4,"May 13th, 2023",Ok,Good,Good,Good,Good,Good
99,99,Guatemala,4895 A 5650,"May 19th, 2022",Bourbon,Washed / Wet,7.58,7.92,7.5,7.67,7.75,7.67,10.0,10,10,7.75,0,83.83,10.9,0,1,greenish,4,"May 19th, 2023",Ok,Good,Ok,Good,Good,Good
100,100,Ethiopia,2000,"September 9th, 2022",Ethiopian Heirlooms,Washed / Wet,7.83,7.67,7.5,7.92,7.5,7.67,10.0,10,10,7.75,0,83.83,12.0,0,0,green,12,"September 9th, 2023",Good,Ok,Ok,Best,Ok,Good
101,101,Colombia,1700,"February 22nd, 2023",Caturra,Washed / Wet,7.92,7.75,7.42,7.58,7.92,7.67,10.0,10,10,7.58,0,83.83,12.1,2,5,green,5,"February 22nd, 2024",Best,Good,Ok,Ok,Best,Good
102,102,United States (Hawaii),400-600,"November 15th, 2022",Typica,Washed / Wet,7.67,7.92,7.58,7.58,7.58,7.75,10.0,10,10,7.75,0,83.83,11.8,0,3,green,3,"November 15th, 2023",Good,Good,Good,Ok,Ok,Good
103,103,Colombia,1800,"November 15th, 2022",Bourbon Sidra,Pulped natural / honey,7.67,7.92,7.67,7.58,7.67,7.67,10.0,10,10,7.58,0,83.75,10.6,0,0,greenish,1,"November 15th, 2023",Good,Good,Good,Ok,Good,Good
104,104,Mexico,1200,"April 5th, 2023",Sarchimor,Washed / Wet,7.67,7.67,7.58,7.67,7.83,7.58,10.0,10,10,7.75,0,83.75,11.7,4,0,green,12,"April 4th, 2024",Good,Ok,Good,Good,Best,Good
105,105,Colombia,,"September 26th, 2022",,,7.83,7.75,7.5,7.58,7.67,7.67,10.0,10,10,7.67,0,83.67,12.4,1,0,greenish,9,"September 26th, 2023",Good,Good,Ok,Ok,Good,Good
106,106,Taiwan,1250,"October 24th, 2022",SL34,Washed / Wet,7.67,7.67,7.75,7.75,7.5,7.67,10.0,10,10,7.67,0,83.67,10.0,0,0,bluish-green,0,"October 24th, 2023",Good,Ok,Best,Good,Ok,Good
107,107,Myanmar,1400,"November 15th, 2022","Catimor,Catuai,Caturra,Bourbon",Natural / Dry,7.83,7.83,7.67,7.58,7.58,7.58,10.0,10,10,7.58,0,83.67,10.2,0,1,pale yellow,1,"November 15th, 2023",Good,Good,Good,Ok,Ok,Good
108,108,Taiwan,200-400,"January 6th, 2023",unknown,Pulped natural / honey,7.58,7.75,7.67,7.83,7.5,7.67,10.0,10,10,7.67,0,83.67,9.2,0,0,greenish,0,"January 6th, 2024",Ok,Good,Good,Good,Ok,Good
109,109,Honduras,1470,"November 15th, 2022",Parainema,Natural / Dry,7.67,7.67,7.58,7.75,7.67,7.67,10.0,10,10,7.67,0,83.67,11.1,0,2,pale yellow,1,"November 15th, 2023",Good,Ok,Good,Good,Good,Good
110,110,Taiwan,250-400,"January 6th, 2023",unknown,Natural / Dry,7.58,7.67,7.5,7.75,7.75,7.67,10.0,10,10,7.67,0,83.58,8.4,0,0,green,0,"January 6th, 2024",Ok,Ok,Ok,Good,Good,Good
111,111,Taiwan,250-300,"January 6th, 2023",Typica,Pulped natural / honey,7.58,7.75,7.58,7.75,7.58,7.67,10.0,10,10,7.67,0,83.58,9.1,0,0,green,0,"January 6th, 2024",Ok,Good,Good,Good,Ok,Good
112,112,Guatemala,1600,"May 19th, 2022",Caturra,Washed / Wet,7.58,7.83,7.58,7.67,7.58,7.58,10.0,10,10,7.75,0,83.58,10.9,0,2,green,4,"May 19th, 2023",Ok,Good,Good,Good,Ok,Good
113,113,Honduras,1400,"August 17th, 2022",SHG,Washed / Wet,7.75,7.67,7.58,7.58,7.58,7.67,10.0,10,10,7.67,0,83.5,11.2,0,1,green,5,"August 17th, 2023",Good,Ok,Good,Ok,Ok,Good
114,114,Colombia,1700,"January 18th, 2023",Caturra,Washed / Wet,7.75,7.75,7.5,7.58,7.83,7.5,10.0,10,10,7.58,0,83.5,12.2,0,0,bluish-green,2,"January 18th, 2024",Good,Good,Ok,Ok,Best,Good
115,115,Thailand,1200 - 1580,"July 14th, 2022",Bourbon,Washed / Wet,7.42,7.83,7.58,7.67,7.67,7.75,10.0,10,10,7.58,0,83.5,13.1,0,0,green,0,"July 14th, 2023",Ok,Good,Good,Good,Good,Good
116,116,Ethiopia,1700,"November 30th, 2022",Ethiopian Heirlooms,Washed / Wet,7.42,7.42,7.42,8.0,7.92,7.67,10.0,10,10,7.67,0,83.5,10.4,0,1,greenish,11,"November 30th, 2023",Ok,Ok,Ok,Best,Best,Good
117,117,Thailand,1450,"June 16th, 2022",Java,Washed / Wet,7.67,7.67,7.5,7.67,7.58,7.67,10.0,10,10,7.67,0,83.42,11.6,0,2,green,0,"June 16th, 2023",Good,Ok,Ok,Good,Ok,Good
118,118,Uganda,1400 - 1900,"July 7th, 2022",SL14,Washed / Wet,7.75,7.75,7.5,7.5,7.58,7.58,10.0,10,10,7.75,0,83.42,10.1,0,0,green,3,"July 7th, 2023",Good,Good,Ok,Ok,Ok,Good
119,119,Taiwan,1100,"November 15th, 2022",Typica + SL34,Washed / Wet,7.75,7.92,7.67,7.92,7.75,7.83,8.67,10,10,7.92,0,83.42,10.1,0,0,blue-green,0,"November 15th, 2023",Good,Good,Good,Best,Good,Best
120,120,Uganda,1905,"September 1st, 2022",SL14,Washed / Wet,7.75,7.67,7.58,7.5,7.67,7.5,10.0,10,10,7.67,0,83.33,11.1,0,0,green,5,"September 1st, 2023",Good,Ok,Good,Ok,Good,Good
121,121,Taiwan,200-300,"January 6th, 2023",Typica,Pulped natural / honey,7.58,7.67,7.5,7.75,7.5,7.58,10.0,10,10,7.75,0,83.33,9.7,0,0,greenish,0,"January 6th, 2024",Ok,Ok,Ok,Good,Ok,Good
122,122,Guatemala,1280-1325,"December 30th, 2022","MARSELLESA, CATUAI, CATURRA & MARSELLESA, ANACAFE 14, CATUAI",Washed / Wet,7.5,7.75,7.58,7.75,7.67,7.58,10.0,10,10,7.5,0,83.33,11.4,0,0,green,0,"December 30th, 2023",Ok,Good,Good,Good,Good,Ok
123,123,Taiwan,300,"January 6th, 2023",Typica,Washed / Wet,7.58,7.67,7.58,7.75,7.42,7.58,10.0,10,10,7.75,0,83.33,9.6,0,0,green,1,"January 6th, 2024",Ok,Ok,Good,Good,Ok,Good
124,124,Colombia,1100,"September 30th, 2022",Caturra,Washed / Wet,7.67,7.67,7.42,7.75,7.5,7.75,10.0,10,10,7.58,0,83.33,13.5,0,0,greenish,0,"September 30th, 2023",Good,Ok,Ok,Good,Ok,Good
125,125,Costa Rica,1850,"April 19th, 2023",Caturra,Washed / Wet,7.58,7.75,7.42,7.67,7.5,7.75,10.0,10,10,7.67,0,83.33,0.0,0,0,green,3,"April 18th, 2024",Ok,Good,Ok,Good,Ok,Good
126,126,Taiwan,750,"November 15th, 2022",SL34,Washed / Wet,7.75,7.83,7.58,7.58,7.58,7.5,10.0,10,10,7.5,0,83.33,10.7,0,0,blue-green,1,"November 15th, 2023",Good,Good,Good,Ok,Ok,Ok
127,127,Thailand,1300-1500,"July 14th, 2022",Typica,Washed / Wet,7.92,7.92,7.75,7.33,7.58,7.5,10.0,10,10,7.33,0,83.33,12.3,0,0,yellow-green,16,"July 14th, 2023",Best,Good,Best,Ok,Ok,Ok
128,128,"Tanzania, United Republic Of",1400-1700,"January 3rd, 2023",Bourbon,Washed / Wet,7.92,7.67,7.42,7.5,7.67,7.58,10.0,10,10,7.5,0,83.25,10.4,0,0,greenish,8,"January 3rd, 2024",Best,Ok,Ok,Ok,Good,Ok
129,129,Brazil,950,"February 13th, 2023",Mundo Novo,Natural / Dry,7.58,7.5,7.5,7.83,7.67,7.5,10.0,10,10,7.67,0,83.25,11.6,0,0,green,4,"February 13th, 2024",Ok,Ok,Ok,Good,Good,Good
130,130,Taiwan,1100-1200,"January 6th, 2023",unknown,Washed / Wet,7.75,7.75,7.58,7.67,7.42,7.5,10.0,10,10,7.58,0,83.25,9.6,0,0,green,1,"January 6th, 2024",Good,Good,Good,Good,Ok,Good
131,131,Colombia,1390,"April 7th, 2023","Red Bourbon,Caturra",Anaerobico 1000h,7.67,7.67,7.58,7.67,7.58,7.58,10.0,10,10,7.5,0,83.25,10.9,0,0,brownish,2,"April 6th, 2024",Good,Ok,Good,Good,Ok,Ok
132,132,Honduras,1600,"November 15th, 2022",Lempira,Washed / Wet,7.67,7.75,7.67,7.58,7.5,7.58,10.0,10,10,7.5,0,83.25,10.5,0,0,bluish-green,3,"November 15th, 2023",Good,Good,Good,Ok,Ok,Ok
133,133,Honduras,1400,"August 17th, 2022",Catuai,Washed / Wet,7.75,7.58,7.58,7.58,7.5,7.58,10.0,10,10,7.67,0,83.25,11.3,0,1,green,5,"August 17th, 2023",Good,Ok,Good,Ok,Ok,Good
134,134,Taiwan,200-300,"January 6th, 2023",Typica,Natural / Dry,7.75,7.75,7.5,7.75,7.5,7.42,10.0,10,10,7.5,0,83.17,9.7,0,0,greenish,2,"January 6th, 2024",Good,Good,Ok,Good,Ok,Ok
135,135,Taiwan,340,"January 6th, 2023",unknown,Washed / Wet,7.67,7.67,7.5,7.58,7.58,7.5,10.0,10,10,7.67,0,83.17,11.8,0,0,blue-green,0,"January 6th, 2024",Good,Ok,Ok,Ok,Ok,Good
136,136,Laos,1200 - 1300,"December 30th, 2022",Catimor,Natural / Dry,7.67,7.75,7.33,7.67,7.58,7.5,10.0,10,10,7.58,0,83.08,11.8,0,0,brownish,7,"December 30th, 2023",Good,Good,Ok,Good,Ok,Good
137,137,Honduras,1368,"May 23rd, 2022",Catuai,Washed / Wet,7.67,7.67,7.5,7.58,7.58,7.5,10.0,10,10,7.58,0,83.08,10.6,0,2,green,7,"May 23rd, 2023",Good,Ok,Ok,Ok,Ok,Good
138,138,Honduras,1450,"April 25th, 2023",Catuai,Washed / Wet,7.75,7.58,7.58,7.58,7.58,7.5,10.0,10,10,7.5,0,83.08,9.6,0,0,green,2,"April 24th, 2024",Good,Ok,Good,Ok,Ok,Ok
139,139,Colombia,1650,"January 13th, 2023",Caturra,Washed / Wet,8.0,7.67,7.42,7.58,7.58,7.42,10.0,10,10,7.33,0,83.0,13.1,0,0,bluish-green,1,"January 13th, 2024",Best,Ok,Ok,Ok,Ok,Ok
140,140,Taiwan,250-300,"January 6th, 2023",Typica,Pulped natural / honey,7.5,7.67,7.58,7.58,7.5,7.5,10.0,10,10,7.58,0,82.92,8.9,0,0,blue-green,0,"January 6th, 2024",Ok,Ok,Good,Ok,Ok,Good
141,141,Mexico,1350,"August 11th, 2022",Bourbon,Washed / Wet,7.75,7.5,7.42,7.67,7.58,7.5,10.0,10,10,7.5,0,82.92,11.9,2,0,green,1,"August 11th, 2023",Good,Ok,Ok,Good,Ok,Ok
142,142,Colombia,1350,"June 16th, 2022",Typica Gesha,Washed / Wet,7.58,7.5,7.5,7.67,7.58,7.5,10.0,10,10,7.58,0,82.92,11.5,0,1,greenish,3,"June 16th, 2023",Ok,Ok,Ok,Good,Ok,Good
143,143,Taiwan,1200,"October 24th, 2022",Gesha,,7.67,7.5,7.42,7.75,7.42,7.58,10.0,10,10,7.58,0,82.92,10.2,0,0,yellow-green,0,"October 24th, 2023",Good,Ok,Ok,Good,Ok,Good
144,144,Honduras,1280,"April 24th, 2023",Catuai,Washed / Wet,7.67,7.58,7.5,7.5,7.58,7.5,10.0,10,10,7.5,0,82.83,10.0,0,0,green,4,"April 23rd, 2024",Good,Ok,Ok,Ok,Ok,Ok
145,145,Thailand,1300-1500,"July 14th, 2022",Gayo,Washed / Wet,7.17,7.92,7.58,7.5,7.58,7.67,10.0,10,10,7.42,0,82.83,11.8,0,0,yellow-green,5,"July 14th, 2023",Ok,Good,Good,Ok,Ok,Ok
146,146,Vietnam,900,"June 3rd, 2022",Catimor,Pulped natural / honey,7.58,7.42,7.58,7.5,7.67,7.75,10.0,10,10,7.33,0,82.83,13.3,0,0,green,4,"June 3rd, 2023",Ok,Ok,Good,Ok,Good,Ok
147,147,Nicaragua,1200,"January 30th, 2023",SHG,Natural / Dry,7.33,7.58,7.25,7.33,7.75,8.17,10.0,10,10,7.33,0,82.75,10.5,5,2,green,1,"January 30th, 2024",Ok,Ok,Ok,Ok,Good,Ok
148,148,Costa Rica,1450,"November 15th, 2022",SL28,Pulped natural / honey,7.33,7.5,7.25,7.92,7.75,7.58,10.0,10,10,7.42,0,82.75,11.8,0,0,pale yellow,1,"November 15th, 2023",Ok,Ok,Ok,Best,Good,Ok
149,149,Colombia,1700,"July 11th, 2022",Caturra,Washed / Wet,7.58,7.67,7.58,7.5,7.33,7.5,10.0,10,10,7.5,0,82.67,11.8,0,1,green,2,"July 11th, 2023",Ok,Ok,Good,Ok,Ok,Ok
150,150,Thailand,1200 - 1580,"July 14th, 2022",Caturra,Washed / Wet,7.33,7.58,7.58,7.5,7.67,7.67,10.0,10,10,7.33,0,82.67,13.0,1,0,greenish,0,"July 14th, 2023",Ok,Ok,Good,Ok,Good,Ok
151,151,Thailand,1200,"June 14th, 2022","Bourbon, Catimor, Caturra, Typica",Natural / Dry,7.5,7.58,7.5,7.42,7.5,7.58,10.0,10,10,7.58,0,82.67,11.2,0,0,yellow green,0,"June 14th, 2023",Ok,Ok,Ok,Ok,Ok,Good
152,152,Honduras,1450,"April 25th, 2023",Catuai,Washed / Wet,7.67,7.58,7.33,7.5,7.58,7.5,10.0,10,10,7.5,0,82.67,9.6,0,0,green,2,"April 24th, 2024",Good,Ok,Ok,Ok,Ok,Ok
153,153,Taiwan,165,"January 6th, 2023",unknow,Natural / Dry,7.67,7.67,7.42,7.42,7.42,7.5,10.0,10,10,7.5,0,82.58,9.8,0,0,green,0,"January 6th, 2024",Good,Ok,Ok,Ok,Ok,Ok
154,154,Taiwan,465,"January 6th, 2023",Caturra,Washed / Wet,7.67,7.58,7.42,7.42,7.5,7.5,10.0,10,10,7.5,0,82.58,8.4,0,0,blue-green,2,"January 6th, 2024",Good,Ok,Ok,Ok,Ok,Ok
155,155,Nicaragua,1350,"June 20th, 2022",Parainema,Washed / Wet,7.5,7.58,7.42,7.58,7.5,7.58,10.0,10,10,7.42,0,82.58,10.1,0,0,green,0,"June 20th, 2023",Ok,Ok,Ok,Ok,Ok,Ok
156,156,El Salvador,1200,"March 3rd, 2023",Bourbon,Washed / Wet,7.67,7.33,7.17,7.67,7.83,7.5,10.0,10,10,7.33,0,82.5,11.3,0,0,green,2,"March 2nd, 2024",Good,Ok,Ok,Good,Best,Ok
157,157,Panama,1200,"May 25th, 2022",Caturra,Washed / Wet,7.75,7.67,7.17,7.67,7.42,7.42,10.0,10,10,7.42,0,82.5,10.0,0,0,green,0,"May 25th, 2023",Good,Ok,Ok,Good,Ok,Ok
158,158,Brazil,1100,"November 3rd, 2022",Mundo Novo,Natural / Dry,7.5,7.58,7.5,7.5,7.67,7.42,10.0,10,10,7.33,0,82.5,11.8,0,1,bluish-green,1,"November 3rd, 2023",Ok,Ok,Ok,Ok,Good,Ok
159,159,United States (Hawaii),640,"November 15th, 2022",Maragogype,Washed / Wet,7.33,7.58,7.5,7.5,7.5,7.58,10.0,10,10,7.5,0,82.5,11.7,0,0,blue-green,1,"November 15th, 2023",Ok,Ok,Ok,Ok,Ok,Ok
160,160,Mexico,1340,"November 15th, 2022",Pacamara,Washed / Wet,7.67,7.42,7.5,7.5,7.67,7.42,10.0,10,10,7.33,0,82.5,10.7,0,0,pale yellow,0,"November 15th, 2023",Good,Ok,Ok,Ok,Good,Ok
161,161,Honduras,1368,"May 23rd, 2022",Catuai,Washed / Wet,7.58,7.58,7.33,7.5,7.58,7.42,10.0,10,10,7.5,0,82.5,10.6,0,0,green,8,"May 23rd, 2023",Ok,Ok,Ok,Ok,Ok,Ok
162,162,Taiwan,139,"January 6th, 2023",unknown,Washed / Wet,7.42,7.42,7.58,7.42,7.58,7.5,10.0,10,10,7.58,0,82.5,8.4,0,0,green,2,"January 6th, 2024",Ok,Ok,Good,Ok,Ok,Good
163,163,Nicaragua,1200-1350,"December 30th, 2022",Caturra-Catuai,Washed / Wet,7.58,7.58,7.42,7.42,7.5,7.5,10.0,10,10,7.42,0,82.42,11.4,0,0,bluish-green,0,"December 30th, 2023",Ok,Ok,Ok,Ok,Ok,Ok
164,164,Vietnam,1040,"June 1st, 2022",Catimor,Washed / Wet,7.5,7.5,7.33,7.5,7.5,7.42,10.0,10,10,7.58,0,82.33,10.5,0,0,bluish-green,0,"June 1st, 2023",Ok,Ok,Ok,Ok,Ok,Good
165,165,El Salvador,1200,"February 21st, 2023",Bourbon,Washed / Wet,7.5,7.5,7.42,7.42,7.42,7.67,10.0,10,10,7.42,0,82.33,12.0,0,7,green,10,"February 21st, 2024",Ok,Ok,Ok,Ok,Ok,Ok
166,166,El Salvador,1200,"July 7th, 2022",Bourbon,Washed / Wet,7.33,7.67,7.25,7.67,7.83,7.42,10.0,10,10,7.17,0,82.33,11.8,0,0,bluish-green,0,"July 7th, 2023",Ok,Ok,Ok,Good,Best,Ok
167,167,Taiwan,140,"January 6th, 2023",unknown,Natural / Dry,7.67,7.58,7.42,7.5,7.33,7.42,10.0,10,10,7.42,0,82.33,10.8,0,0,green,1,"January 6th, 2024",Good,Ok,Ok,Ok,Ok,Ok
168,168,Peru,1600,"July 11th, 2022",Caturra,Washed / Wet,7.67,7.5,7.33,7.58,7.33,7.42,10.0,10,10,7.42,0,82.25,11.7,0,1,greenish,3,"July 11th, 2023",Good,Ok,Ok,Ok,Ok,Ok
169,169,United States (Hawaii),1200,"November 9th, 2022",Typica,Washed / Wet,7.75,7.42,7.33,7.5,7.33,7.5,10.0,10,10,7.33,0,82.17,10.6,1,0,green,5,"November 9th, 2023",Good,Ok,Ok,Ok,Ok,Ok
170,170,Kenya,1500-1950,"April 7th, 2023","SL28,SL34,Ruiru11",Washed / Wet,7.5,7.5,7.42,7.5,7.25,7.5,10.0,10,10,7.5,0,82.17,11.2,0,0,green,2,"April 6th, 2024",Ok,Ok,Ok,Ok,Ok,Ok
171,171,Honduras,1368,"May 23rd, 2022",Catuai,Washed / Wet,7.67,7.5,7.25,7.5,7.5,7.33,10.0,10,10,7.42,0,82.17,10.6,0,0,green,8,"May 23rd, 2023",Good,Ok,Ok,Ok,Ok,Ok
172,172,Taiwan,600,"January 6th, 2023",unknown,Washed / Wet,7.5,7.67,7.33,7.5,7.25,7.33,10.0,10,10,7.5,0,82.08,9.7,0,0,bluish-green,0,"January 6th, 2024",Ok,Ok,Ok,Ok,Ok,Ok
173,173,Taiwan,460,"January 6th, 2023",unknown,Pulped natural / honey,7.33,7.42,7.42,7.5,7.42,7.5,10.0,10,10,7.5,0,82.08,8.1,0,0,greenish,3,"January 6th, 2024",Ok,Ok,Ok,Ok,Ok,Ok
174,174,Taiwan,500,"January 6th, 2023",unknown,Washed / Wet,7.5,7.58,7.42,7.42,7.25,7.42,10.0,10,10,7.42,0,82.0,8.2,0,0,green,1,"January 6th, 2024",Ok,Ok,Ok,Ok,Ok,Ok
175,175,Thailand,800-1200,"July 14th, 2022",Catimor,Washed / Wet,7.17,7.5,7.42,7.42,7.58,7.5,10.0,10,10,7.42,0,82.0,9.8,0,0,green,0,"July 14th, 2023",Ok,Ok,Ok,Ok,Ok,Ok
176,176,Costa Rica,1500,"March 29th, 2023",Caturra,Washed / Wet,7.42,7.42,7.42,7.33,7.58,7.33,10.0,10,10,7.5,0,82.0,10.5,1,2,green,8,"March 28th, 2024",Ok,Ok,Ok,Ok,Ok,Ok
177,177,Guatemala,1350-1550,"November 28th, 2022",,Washed / Wet,7.42,7.42,7.42,7.33,7.5,7.42,10.0,10,10,7.5,0,82.0,11.5,0,1,blue-green,2,"November 28th, 2023",Ok,Ok,Ok,Ok,Ok,Ok
178,178,Indonesia,1350,"August 22nd, 2022",,Pulped natural / honey,7.67,7.33,7.25,7.67,7.42,7.25,10.0,10,10,7.42,0,82.0,12.5,0,0,bluish-green,0,"August 22nd, 2023",Good,Ok,Ok,Good,Ok,Ok
179,179,Peru,1600,"July 11th, 2022",Caturra,Washed / Wet,7.5,7.5,7.33,7.5,7.33,7.33,10.0,10,10,7.42,0,81.92,11.6,0,2,greenish,2,"July 11th, 2023",Ok,Ok,Ok,Ok,Ok,Ok
180,180,Guatemala,1200~1600,"November 3rd, 2022",Caturra,Washed / Wet,7.33,7.42,7.33,7.42,7.58,7.42,10.0,10,10,7.42,0,81.92,10.3,0,0,greenish,1,"November 3rd, 2023",Ok,Ok,Ok,Ok,Ok,Ok
181,181,Taiwan,300,"January 6th, 2023",Typica,Pulped natural / honey,7.25,7.42,7.42,7.5,7.42,7.42,10.0,10,10,7.42,0,81.83,11.3,0,0,green,0,"January 6th, 2024",Ok,Ok,Ok,Ok,Ok,Ok
182,182,Vietnam,5400,"April 10th, 2023",Catimor,Pulped natural / honey,7.5,7.5,7.25,7.42,7.42,7.42,10.0,10,10,7.33,0,81.83,11.2,0,0,green,4,"April 9th, 2024",Ok,Ok,Ok,Ok,Ok,Ok
183,183,Brazil,1000,"April 7th, 2023",Yellow Catuai,Pulped natural / honey,7.5,7.5,7.42,7.33,7.33,7.33,10.0,10,10,7.42,0,81.83,11.3,0,0,pale yellow,2,"April 6th, 2024",Ok,Ok,Ok,Ok,Ok,Ok
184,184,Brazil,900-1000,"December 30th, 2022",Catucai,Natural / Dry,7.42,7.5,7.58,7.33,7.33,7.25,10.0,10,10,7.33,0,81.75,11.1,0,0,yellow-green,0,"December 30th, 2023",Ok,Ok,Good,Ok,Ok,Ok
185,185,Colombia,1574,"December 30th, 2022",Santander,Washed / Wet,7.33,7.5,7.33,7.42,7.42,7.42,10.0,10,10,7.33,0,81.75,11.2,0,0,yellow-green,0,"December 30th, 2023",Ok,Ok,Ok,Ok,Ok,Ok
186,186,Mexico,1200,"August 11th, 2022",Typica,Washed / Wet,7.58,7.42,7.25,7.25,7.5,7.33,10.0,10,10,7.33,0,81.67,11.8,2,0,green,2,"August 11th, 2023",Ok,Ok,Ok,Ok,Ok,Ok
187,187,Costa Rica,1200,"March 29th, 2023",Caturra,Washed / Wet,7.33,7.42,7.25,7.42,7.42,7.33,10.0,10,10,7.42,0,81.58,9.7,0,2,green,4,"March 28th, 2024",Ok,Ok,Ok,Ok,Ok,Ok
188,188,Taiwan,300,"January 6th, 2023",Typica,Pulped natural / honey,7.42,7.5,7.33,7.33,7.33,7.33,10.0,10,10,7.33,0,81.58,9.0,0,0,yellow-green,0,"January 6th, 2024",Ok,Ok,Ok,Ok,Ok,Ok
189,189,Taiwan,435,"January 6th, 2023",unknown,Pulped natural / honey,7.33,7.5,7.42,7.33,7.33,7.25,10.0,10,10,7.33,0,81.5,8.5,0,0,green,0,"January 6th, 2024",Ok,Ok,Ok,Ok,Ok,Ok
190,190,Thailand,1300-1500,"July 14th, 2022",Java,Washed / Wet,7.33,7.42,7.25,7.33,7.5,7.42,10.0,10,10,7.17,0,81.42,11.6,2,0,green,1,"July 14th, 2023",Ok,Ok,Ok,Ok,Ok,Ok
191,191,Thailand,1400,"November 15th, 2022",Typica Bourbon Caturra Catimor,Natural / Dry,7.42,7.25,7.33,7.42,7.33,7.33,10.0,10,10,7.25,0,81.33,10.5,0,0,yellowish,5,"November 15th, 2023",Ok,Ok,Ok,Ok,Ok,Ok
192,192,Thailand,600-800,"July 14th, 2022",Catimor,Washed / Wet,7.25,7.25,7.42,7.25,7.42,7.42,10.0,10,10,7.17,0,81.17,10.4,0,0,green,0,"July 14th, 2023",Ok,Ok,Ok,Ok,Ok,Ok
193,193,Colombia,1300-1800,"December 22nd, 2022","Caturra,Colombia,Castillo",Washed / Wet,7.42,7.25,7.25,7.42,7.17,7.33,10.0,10,10,7.33,0,81.17,11.4,0,2,greenish,2,"December 22nd, 2023",Ok,Ok,Ok,Ok,Ok,Ok
194,194,Brazil,1200,"April 17th, 2023",,Natural / Dry,7.42,7.42,7.25,7.25,7.17,7.25,10.0,10,10,7.25,0,81.0,10.6,0,2,greenish,1,"April 16th, 2024",Ok,Ok,Ok,Ok,Ok,Ok
195,195,El Salvador,1400,"March 8th, 2023",Bourbon,Natural / Dry,7.42,7.33,7.33,7.5,7.08,7.0,10.0,10,10,7.17,0,80.83,10.5,0,8,bluish-green,7,"March 7th, 2024",Ok,Ok,Ok,Ok,Ok,Ok
196,196,Nicaragua,1100,"July 11th, 2022",Caturra,Washed / Wet,7.25,7.25,7.17,7.33,7.08,7.25,10.0,10,10,7.17,0,80.5,11.5,0,1,greenish,3,"July 11th, 2023",Ok,Ok,Ok,Ok,Ok,Ok
197,197,Nicaragua,1000,"April 20th, 2023",Sarchimor,Washed / Wet,7.42,7.17,7.0,7.08,7.42,7.17,10.0,10,10,7.17,0,80.42,11.2,0,0,green,5,"April 19th, 2024",Ok,Ok,Ok,Ok,Ok,Ok
198,198,Colombia,1600,"March 6th, 2023","Castillo,Caturra,Bourbon",Washed / Wet,7.25,7.25,7.17,7.33,7.0,7.17,10.0,10,10,7.25,0,80.42,11.0,0,3,greenish,3,"March 5th, 2024",Ok,Ok,Ok,Ok,Ok,Ok
199,199,Peru,1600,"June 10th, 2022",Caturra,Washed / Wet,7.5,7.25,7.17,7.17,7.17,7.08,10.0,10,10,7.0,0,80.33,11.8,0,6,greenish,11,"June 10th, 2023",Ok,Ok,Ok,Ok,Ok,Ok
200,200,El Salvador,1300,"March 8th, 2023",Pacas,Natural / Dry,7.08,7.25,7.08,7.42,7.42,7.08,10.0,10,10,7.0,0,80.33,11.5,0,10,bluish-green,7,"March 7th, 2024",Ok,Ok,Ok,Ok,Ok,Ok
201,201,Brazil,1200,"July 20th, 2022",Catuai and Mundo Novo,Natural / Dry,7.25,7.17,7.17,7.08,7.17,7.17,10.0,10,10,7.17,0,80.17,11.6,0,1,greenish,2,"July 20th, 2023",Ok,Ok,Ok,Ok,Ok,Ok
202,202,Brazil,950,"February 2nd, 2023",Mundo Novo,Natural / Dry,7.17,7.17,6.92,7.17,7.42,7.17,10.0,10,10,7.08,0,80.08,11.4,0,0,green,4,"February 2nd, 2024",Ok,Ok,Ok,Ok,Ok,Ok
203,203,Nicaragua,1200,"March 3rd, 2023",SHG,Natural / Dry,7.33,7.08,6.75,7.17,7.42,7.17,10.0,10,10,7.08,0,80.0,10.4,0,2,green,12,"March 2nd, 2024",Ok,Ok,Ok,Ok,Ok,Ok
204,204,Laos,1300,"November 11th, 2022",Catimor,Washed / Wet,7.25,7.17,7.08,7.0,7.08,7.08,10.0,10,10,7.0,0,79.67,11.6,0,9,green,11,"November 11th, 2023",Ok,Ok,Ok,Ok,Ok,Ok
205,205,El Salvador,1200,"March 8th, 2023",Maragogype,Natural / Dry,6.5,6.75,6.75,7.17,7.08,7.0,10.0,10,10,6.83,0,78.08,11.0,0,12,bluish-green,13,"March 7th, 2024",Ok,Ok,Ok,Ok,Ok,Ok
206,206,Brazil,850-1100,"November 18th, 2022",Mundo Novo,SEMI-LAVADO,7.25,7.08,6.67,6.83,6.83,6.67,10.0,10,10,6.67,0,78.0,11.3,0,0,green,1,"November 18th, 2023",Ok,Ok,Ok,Ok,Ok,Ok
