Country of Origin,Variety,Processing Method,Aroma,Flavor,Acidity
Ethiopia,,Washed / Wet,8.67,8.83,8.75
Ethiopia,Other,Washed / Wet,8.75,8.67,8.58
Guatemala,Bourbon,,8.42,8.5,8.42
Ethiopia,,Natural / Dry,8.17,8.58,8.42
Ethiopia,Other,Washed / Wet,8.25,8.5,8.5
Brazil,,Natural / Dry,8.58,8.42,8.5
Peru,Other,Washed / Wet,8.42,8.5,8.5
Ethiopia,,,8.25,8.33,8.42
Ethiopia,,,8.67,8.67,8.42
Ethiopia,Other,Natural / Dry,8.08,8.58,8.5
Ethiopia,,Natural / Dry,8.17,8.67,8.5
United States,Other,Washed / Wet,8.25,8.42,8.33
United States,Other,Washed / Wet,8.08,8.67,8.42
United States (Hawaii),,,8.33,8.42,8.25
Ethiopia,,,8.25,8.33,8.25
United States,Other,Washed / Wet,8,8.5,8.17
Indonesia,,,8.33,8.25,7.75
Ethiopia,,,8.17,8.33,8.33
China,Catimor,Washed / Wet,8.42,8.25,8.17
Ethiopia,Ethiopian Yirgacheffe,Natural / Dry,8.17,8.17,8.17
United States,Other,Washed / Wet,8,8.25,8.5
Costa Rica,Caturra,Washed / Wet,8.08,8.25,8.17
Mexico,Other,Washed / Wet,8.17,8.25,8
United States,Other,Washed / Wet,8.25,8.33,8.17
Ethiopia,,Natural / Dry,8.42,8.17,8.17
Brazil,Bourbon,Natural / Dry,8.5,8.5,8
Ethiopia,,,7.83,8.25,8.17
Uganda,SL14,Washed / Wet,8.42,8.17,8.17
Honduras,Caturra,,8.17,8.08,8
Taiwan,Sumatra,Pulped natural / honey,8,8,8.25
Nicaragua,,,7.92,8.25,8.33
"Tanzania, United Republic Of",,Natural / Dry,8.42,8.17,8
Brazil,Bourbon,Natural / Dry,8.5,8.17,7.75
Costa Rica,Caturra,Washed / Wet,8.17,7.83,8.08
Ethiopia,,Natural / Dry,8,8.08,8
Kenya,SL34,Washed / Wet,8.08,8,8.25
United States (Hawaii),Hawaiian Kona,Natural / Dry,8.08,8.17,7.92
United States (Hawaii),,,8.25,8.42,7.75
Ethiopia,,,7.92,7.75,8.08
United States,Other,Washed / Wet,7.67,8.17,8
Thailand,Caturra,Washed / Wet,7.83,8.33,8.25
Brazil,Yellow Bourbon,,8.17,7.92,7.75
Brazil,Yellow Bourbon,,8.42,7.92,7.75
Taiwan,Bourbon,Semi-washed / Semi-pulped,8.08,8.17,8.08
Kenya,SL28,Natural / Dry,8.08,8.08,8
Brazil,Bourbon,Semi-washed / Semi-pulped,8.33,8,8
Uganda,,Semi-washed / Semi-pulped,8.08,8.08,7.92
Colombia,Caturra,Washed / Wet,7.75,7.92,8.08
Kenya,SL28,Washed / Wet,7.92,8.17,8.5
Uganda,Other,Washed / Wet,8.25,8,8.08
Ethiopia,,,7.75,8.08,8.25
United States (Hawaii),,,8.33,8.17,8
Guatemala,Bourbon,Washed / Wet,7.92,8.08,8.08
Uganda,SL14,Natural / Dry,8.17,8.17,8.08
Colombia,Caturra,Washed / Wet,8,8,8.17
Panama,Gesha,Washed / Wet,8,8,8.08
Ethiopia,,Washed / Wet,7.83,8.08,8.08
Guatemala,Bourbon,Washed / Wet,7.83,8,8.17
Guatemala,Catuai,Washed / Wet,8,8,8.33
Ethiopia,Caturra,Natural / Dry,7.83,8,8.17
Peru,,Washed / Wet,8,8,8.08
Papua New Guinea,,Washed / Wet,8.33,8.42,8.33
El Salvador,Bourbon,Washed / Wet,7.92,8.17,7.92
El Salvador,Bourbon,Semi-washed / Semi-pulped,7.83,8,7.75
United States (Hawaii),Hawaiian Kona,Natural / Dry,7.83,8,7.75
Panama,Caturra,Natural / Dry,8,7.75,7.83
Kenya,SL28,Natural / Dry,7.92,7.92,8.08
Ethiopia,Other,Natural / Dry,7.83,8,7.92
Uganda,SL14,Washed / Wet,8.33,7.92,7.92
Guatemala,Bourbon,Washed / Wet,8,7.83,8.33
Ethiopia,,Washed / Wet,7.75,7.83,8.17
Uganda,SL14,Washed / Wet,8.08,8,7.67
United States (Hawaii),Hawaiian Kona,Natural / Dry,7.92,7.92,7.92
Brazil,Bourbon,Semi-washed / Semi-pulped,8,8,7.67
El Salvador,,,8.08,7.83,8.08
China,Catimor,Natural / Dry,8,8,7.83
Guatemala,Pacamara,Natural / Dry,7.83,7.75,7.67
Costa Rica,Caturra,Washed / Wet,7.92,8.08,7.92
Costa Rica,Caturra,Washed / Wet,8,7.58,7.67
Kenya,SL34,Washed / Wet,7.83,8.08,8.08
Kenya,SL34,Washed / Wet,8,7.92,8.08
Ethiopia,,,7.83,7.83,8.08
Ethiopia,Typica,,7.92,7.83,8.33
Guatemala,Bourbon,,8,7.92,8
Colombia,Caturra,Washed / Wet,8.17,7.92,8
Colombia,Caturra,Natural / Dry,7.58,8.08,7.83
Indonesia,Sumatra Lintong,Semi-washed / Semi-pulped,7.75,7.83,8
Guatemala,Caturra,Washed / Wet,8.25,8,7.92
Ethiopia,Other,Natural / Dry,7.75,8,8
Colombia,Caturra,Natural / Dry,8.17,7.83,8.08
Ethiopia,,Natural / Dry,8.42,8,8
United States (Hawaii),Hawaiian Kona,Natural / Dry,7.58,7.83,7.92
Colombia,Caturra,Natural / Dry,7.83,8,7.75
United States (Hawaii),,,8.08,8.17,8
Ethiopia,,,7.67,8,8
United States (Hawaii),,,7.5,7.92,7.83
Uganda,SL14,Washed / Wet,8.17,7.92,7.75
Colombia,Caturra,Washed / Wet,8,7.92,7.92
Costa Rica,Catuai,Washed / Wet,7.83,8,7.92
Mexico,Typica,Washed / Wet,7.83,8,7.75
Kenya,,Washed / Wet,8.17,7.83,7.75
Kenya,SL34,Washed / Wet,7.75,7.83,8.08
Brazil,Mundo Novo,Natural / Dry,8,8,7.83
Mexico,Pacamara,,7.92,8.17,8.08
United States (Hawaii),,,7.75,7.92,7.75
Guatemala,,,7.83,8.08,8
Colombia,Caturra,Washed / Wet,7.92,7.92,7.83
Colombia,Caturra,Washed / Wet,7.92,7.83,7.83
Taiwan,Typica,Semi-washed / Semi-pulped,7.67,7.83,7.58
"Tanzania, United Republic Of",Other,Washed / Wet,8,7.83,7.92
Colombia,Caturra,Washed / Wet,7.75,7.92,7.75
Mexico,Typica,Semi-washed / Semi-pulped,7.75,8,7.83
Brazil,Bourbon,Natural / Dry,8,7.92,7.75
Brazil,Catuai,Natural / Dry,8,8,8
Kenya,,,8,7.67,8.17
Taiwan,Typica,Natural / Dry,7.92,7.58,7.83
Uganda,SL14,Natural / Dry,7.75,7.92,7.67
United States (Hawaii),Hawaiian Kona,Natural / Dry,7.67,7.75,7.75
Ethiopia,,,7.75,7.92,7.92
Ethiopia,,,7.42,7.92,8
Thailand,Caturra,Pulped natural / honey,7.75,7.75,7.75
Kenya,SL34,Washed / Wet,7.92,7.83,7.92
Honduras,Catuai,Washed / Wet,7.83,7.75,7.67
El Salvador,,,7.75,8,8.33
Nicaragua,,,7.83,7.58,7.83
El Salvador,Bourbon,Washed / Wet,7.83,7.83,8
Indonesia,Java,Washed / Wet,7.92,7.83,7.75
Japan,Mundo Novo,Pulped natural / honey,7.75,7.75,7.42
Costa Rica,Catuai,Washed / Wet,8.08,7.75,7.83
Guatemala,Bourbon,Washed / Wet,7.75,7.83,8
Costa Rica,Caturra,Washed / Wet,8.17,8,7.17
Ethiopia,Ethiopian Yirgacheffe,Washed / Wet,8.08,7.83,7.83
Costa Rica,Other,Other,7.67,7.58,7.75
Costa Rica,Catuai,Washed / Wet,8,7.58,7.75
Costa Rica,,Washed / Wet,8.08,7.83,7.83
Taiwan,Typica,Washed / Wet,8,7.92,7.75
Colombia,Caturra,Washed / Wet,7.75,7.83,7.83
Kenya,SL28,Washed / Wet,7.75,7.92,8
Guatemala,Bourbon,Washed / Wet,8,7.83,7.83
Guatemala,Bourbon,Washed / Wet,7.67,7.83,8
Mexico,Typica,Washed / Wet,7.83,7.58,7.92
Uganda,Other,Washed / Wet,7.92,7.83,7.92
Peru,,,7.67,7.83,7.75
Ethiopia,,,7.42,7.75,8
Kenya,SL34,Washed / Wet,7.92,7.75,7.75
Colombia,Other,Washed / Wet,7.83,7.67,7.92
Colombia,Caturra,Washed / Wet,7.92,7.83,8
Kenya,Peaberry,Washed / Wet,7.83,7.83,7.75
Guatemala,Pacas,Washed / Wet,7.75,7.83,7.92
Guatemala,Bourbon,Washed / Wet,8,7.92,7.58
Colombia,Caturra,Washed / Wet,7.67,7.67,7.75
Colombia,Caturra,Washed / Wet,7.75,7.75,7.75
Kenya,SL28,Washed / Wet,7.75,7.75,8.08
Colombia,Caturra,Washed / Wet,7.67,7.83,8
Costa Rica,Bourbon,Semi-washed / Semi-pulped,7.75,7.83,8
Colombia,Caturra,Washed / Wet,7.42,7.67,7.75
Brazil,Bourbon,Semi-washed / Semi-pulped,8,8,7.75
Brazil,Catuai,Semi-washed / Semi-pulped,8.5,8,7.75
Costa Rica,Caturra,Washed / Wet,7.92,7.67,7.75
Uganda,SL14,Washed / Wet,7.92,7.75,7.75
China,Catimor,Washed / Wet,7.75,7.92,7.83
Costa Rica,Caturra,Washed / Wet,7.92,7.83,7.83
Colombia,Other,Washed / Wet,8.08,7.67,7.83
China,Other,Washed / Wet,7.67,8,7.83
Guatemala,Bourbon,Washed / Wet,8.17,7.83,7.83
Kenya,SL28,Washed / Wet,7.92,7.83,8
Mexico,Typica,Washed / Wet,8,7.92,8.08
Mexico,Typica,Washed / Wet,7.92,7.83,7.75
Guatemala,Bourbon,Washed / Wet,7.67,8,8
Brazil,,,7.81,7.81,7.75
Brazil,,,8.17,7.67,7.75
Costa Rica,Caturra,Washed / Wet,7.58,7.83,8
Indonesia,Mandheling,Other,7.67,7.67,7.58
Colombia,Caturra,Natural / Dry,7.92,7.83,7.67
Colombia,Caturra,Washed / Wet,7.92,7.75,7.92
Taiwan,Typica,Washed / Wet,7.83,7.83,8
United States (Hawaii),Hawaiian Kona,Natural / Dry,7.92,7.92,7.83
Mexico,Pacamara,Washed / Wet,7.75,7.92,7.67
Ethiopia,,,7.5,7.75,7.92
Kenya,SL28,Washed / Wet,7.33,7.58,7.75
Honduras,Caturra,,7.92,8,7.67
Colombia,Caturra,Washed / Wet,7.58,7.75,7.83
Honduras,Catuai,Washed / Wet,7.58,7.92,7.75
Colombia,,,7.67,7.67,7.83
Colombia,Caturra,Natural / Dry,7.75,7.67,7.67
Colombia,Caturra,Washed / Wet,7.75,7.58,7.83
Mexico,Typica,Washed / Wet,8,7.75,7.83
Brazil,Yellow Bourbon,,8.17,8,7.75
Brazil,,,8,8,7.5
Ethiopia,,,7.75,7.75,7.75
Guatemala,,,7.5,7.67,7.67
Taiwan,Typica,Washed / Wet,7.92,7.75,7.67
Thailand,Catimor,Natural / Dry,7.83,7.75,7.42
Colombia,Caturra,Natural / Dry,7.83,7.58,7.58
Guatemala,Caturra,Washed / Wet,7.75,7.75,7.92
Guatemala,Caturra,Washed / Wet,7.75,7.92,8.08
China,Catimor,Natural / Dry,7.83,7.83,7.75
Colombia,Caturra,Washed / Wet,7.67,7.67,7.75
Colombia,Caturra,Washed / Wet,7.83,7.67,7.58
Colombia,Other,Washed / Wet,7.83,7.75,7.58
Colombia,Caturra,Natural / Dry,7.42,7.67,7.75
"Tanzania, United Republic Of",Other,Washed / Wet,7.83,7.67,7.83
"Tanzania, United Republic Of",Other,Washed / Wet,7.83,7.75,7.75
Guatemala,Bourbon,Other,7.83,7.83,7.92
Colombia,Caturra,Washed / Wet,7.58,7.5,7.83
United States (Hawaii),Hawaiian Kona,Natural / Dry,7.33,7.92,7.92
Mexico,Typica,Semi-washed / Semi-pulped,7.83,7.92,7.83
Mexico,Bourbon,Washed / Wet,7.83,7.83,7.67
Mexico,Bourbon,Washed / Wet,7.83,7.92,7.75
Uganda,Other,Natural / Dry,8.17,7.75,7.67
Guatemala,Bourbon,Washed / Wet,7.75,7.83,7.83
Colombia,Caturra,Washed / Wet,7.83,7.75,7.67
Costa Rica,Caturra,Washed / Wet,7.92,7.75,7.67
Guatemala,Caturra,Washed / Wet,7.75,7.75,8
Guatemala,Caturra,Washed / Wet,7.75,7.92,7.92
Guatemala,Bourbon,Washed / Wet,7.58,7.83,7.83
Colombia,Caturra,Washed / Wet,8,7.5,7.67
Nicaragua,Caturra,Natural / Dry,7.67,7.83,7.5
Brazil,Catuai,Natural / Dry,7.67,7.75,7.67
Costa Rica,Caturra,Washed / Wet,7.67,7.75,7.75
Ethiopia,Gesha,Natural / Dry,7.5,7.92,7.83
"Tanzania, United Republic Of",Other,Washed / Wet,7.92,7.75,7.75
Colombia,Other,Washed / Wet,7.67,7.5,7.42
Guatemala,,Washed / Wet,7.67,7.75,7.75
Kenya,SL28,Washed / Wet,7.58,7.75,7.75
Brazil,Mundo Novo,Natural / Dry,7.58,7.83,7.67
Guatemala,Bourbon,Washed / Wet,7.92,7.75,7.67
El Salvador,Bourbon,Natural / Dry,8.42,8.08,7.17
Colombia,Caturra,Washed / Wet,7.75,7.75,7.75
Guatemala,Catuai,Natural / Dry,7.83,7.5,8
Uganda,Other,Washed / Wet,7.83,7.75,7.83
Indonesia,Mandheling,Natural / Dry,7.81,7.88,7.75
Colombia,Caturra,Washed / Wet,7.83,7.5,7.5
Taiwan,Typica,Washed / Wet,7.58,7.67,7.67
Guatemala,Bourbon,Washed / Wet,8,7.75,7.58
Colombia,Caturra,Washed / Wet,7.92,7.75,7.75
Guatemala,Bourbon,Washed / Wet,7.58,7.75,8
United States (Hawaii),Hawaiian Kona,Natural / Dry,7.83,7.75,7.83
Mexico,Typica,Washed / Wet,7.67,7.75,7.75
Ethiopia,Other,Natural / Dry,7.92,7.92,8
Costa Rica,,Washed / Wet,7.58,7.75,7.75
Ethiopia,Gesha,Natural / Dry,7.83,7.75,7.75
Honduras,Caturra,Washed / Wet,7.42,7.83,7.92
Guatemala,Caturra,Washed / Wet,7.67,7.83,7.92
Colombia,Other,Washed / Wet,7.67,7.67,7.58
Guatemala,Bourbon,Natural / Dry,7.92,7.67,7.92
Guatemala,Bourbon,Other,7.75,7.83,7.83
Colombia,,Washed / Wet,7.67,7.75,7.67
Colombia,Caturra,Natural / Dry,7.58,7.42,7.92
Colombia,Caturra,Washed / Wet,7.67,7.67,7.5
Ethiopia,Other,Natural / Dry,7.75,7.75,7.58
Brazil,Yellow Bourbon,Natural / Dry,7.58,7.83,7.25
Colombia,Caturra,Washed / Wet,7.67,7.83,7.75
Kenya,SL34,Washed / Wet,7.67,7.83,7.75
Thailand,Other,Washed / Wet,7.92,8.17,8.42
Kenya,SL28,Washed / Wet,7.67,7.75,7.75
Uganda,Other,Washed / Wet,7.92,7.75,7.67
Thailand,,,7.58,7.75,7.75
Brazil,Bourbon,Natural / Dry,7.5,7.75,7.5
Mexico,Mundo Novo,Washed / Wet,7.83,7.83,7.92
Thailand,Catimor,Natural / Dry,7.67,7.75,7.67
Brazil,Bourbon,Natural / Dry,7.58,7.67,7.75
Taiwan,Typica,Washed / Wet,7.83,7.75,7.75
Colombia,,,7.75,7.67,7.75
Colombia,,,7.75,7.58,7.83
Taiwan,,Natural / Dry,7.75,7.75,7.75
Colombia,,Washed / Wet,7.92,7.67,7.83
Colombia,,Washed / Wet,7.83,7.75,7.58
Colombia,Caturra,Washed / Wet,7.75,7.58,7.83
Taiwan,Typica,Washed / Wet,8,7.92,7.92
Colombia,Caturra,Natural / Dry,7.67,7.83,7.75
Mexico,Typica,Washed / Wet,7.67,7.75,7.67
Mexico,Typica,Washed / Wet,7.5,7.67,7.83
Mexico,Typica,Washed / Wet,7.75,7.92,7.92
Colombia,Caturra,Washed / Wet,7.92,7.58,7.83
Colombia,Caturra,,7.83,7.67,7.75
Costa Rica,Caturra,Washed / Wet,7.67,7.67,7.67
Guatemala,Bourbon,Washed / Wet,7.75,7.75,7.75
Taiwan,,,7.75,7.67,7.75
Brazil,Yellow Bourbon,Natural / Dry,7.25,7.58,8
Taiwan,Typica,Washed / Wet,7.67,7.75,7.75
Ethiopia,,Natural / Dry,7.75,7.75,7.67
Brazil,Bourbon,Semi-washed / Semi-pulped,7.67,7.67,7.5
Costa Rica,Catuai,Washed / Wet,7.83,7.42,7.83
Guatemala,Bourbon,Washed / Wet,7.58,7.83,8
Brazil,Yellow Bourbon,Natural / Dry,7.92,7.5,7.67
Ecuador,,Natural / Dry,7.5,7.67,7.75
Colombia,Caturra,Washed / Wet,7.67,7.58,7.83
Guatemala,Bourbon,Washed / Wet,7.5,7.83,7.83
Mexico,Bourbon,Natural / Dry,7.67,8,7.42
Mexico,Pacas,Natural / Dry,7.67,7.58,7.75
Brazil,Yellow Bourbon,Semi-washed / Semi-pulped,7.83,7.83,7.67
Thailand,,,7.75,7.75,8
Thailand,,,7.5,7.83,7.58
Ethiopia,,,7.58,7.83,8
Kenya,SL28,Washed / Wet,7.75,7.58,7.58
Brazil,Bourbon,Natural / Dry,7.67,7.67,7.75
Colombia,Caturra,Washed / Wet,7.83,7.83,7.58
Taiwan,Typica,Natural / Dry,7.67,7.67,7.58
Colombia,,Washed / Wet,7.92,7.75,7.67
China,Catimor,Washed / Wet,7.83,7.75,7.5
Colombia,Caturra,Natural / Dry,7.75,7.67,7.67
Uganda,Bourbon,Natural / Dry,8,7.92,7.75
United States (Puerto Rico),Other,Washed / Wet,7.83,7.83,7.67
Colombia,Caturra,Washed / Wet,7.67,7.67,7.92
Colombia,Other,Washed / Wet,7.67,7.42,7.42
Colombia,Caturra,Washed / Wet,7.58,7.67,7.67
Colombia,Caturra,Washed / Wet,7.75,7.67,7.58
United States (Hawaii),Hawaiian Kona,Natural / Dry,7.25,7.42,7.58
Mexico,Caturra,Natural / Dry,7.83,7.58,7.5
Guatemala,Caturra,Washed / Wet,7.67,7.58,7.67
Colombia,,,7.83,7.83,7.33
Colombia,,,7.75,7.67,7.25
United States (Hawaii),,,7.83,7.67,7.67
Brazil,Bourbon,Natural / Dry,7.67,7.83,7.67
Kenya,SL28,Washed / Wet,8.08,7.67,7.58
Honduras,Caturra,Washed / Wet,7.5,7.5,7.67
Nicaragua,Caturra,Washed / Wet,7.67,7.75,7.67
Brazil,Bourbon,Natural / Dry,7.58,7.75,7.75
Taiwan,Caturra,Natural / Dry,7.5,7.67,7.92
Costa Rica,,,7.33,7.67,7.5
Thailand,,Washed / Wet,7.5,7.75,7.83
Colombia,Caturra,Washed / Wet,7.5,7.75,7.75
Guatemala,Bourbon,Washed / Wet,8,7.5,8
Colombia,Caturra,Washed / Wet,7.83,7.75,7.58
Colombia,Caturra,Washed / Wet,7.67,7.67,7.67
Guatemala,Bourbon,Washed / Wet,7.67,7.67,7.67
Guatemala,Bourbon,Washed / Wet,7.83,7.67,7.67
Colombia,Caturra,Washed / Wet,7.75,7.75,7.83
Guatemala,Caturra,Natural / Dry,8.17,8.17,7.67
Guatemala,Bourbon,Washed / Wet,7.67,8.17,7.42
Mexico,Typica,Washed / Wet,7.67,7.5,7.33
Indonesia,Typica,Washed / Wet,8.17,7.67,7.58
Guatemala,Caturra,Washed / Wet,7.67,7.5,8
United States (Hawaii),,,7.75,8,8.08
Brazil,Bourbon,Natural / Dry,7.58,7.67,7.58
Guatemala,Caturra,Washed / Wet,7.75,7.75,7.83
Colombia,Caturra,Washed / Wet,7.75,7.75,7.58
China,Catimor,Washed / Wet,7.67,7.58,7.58
Colombia,Caturra,Washed / Wet,7.67,7.75,7.67
Mexico,Caturra,Washed / Wet,7.75,7.75,7.58
Ethiopia,Other,Washed / Wet,7.75,7.67,7.67
Uganda,SL14,Washed / Wet,7.67,7.67,7.75
Colombia,Caturra,Natural / Dry,7.67,7.58,7.67
Colombia,Caturra,Washed / Wet,7.67,7.58,7.58
Colombia,Caturra,Washed / Wet,7.75,7.58,7.58
Taiwan,Typica,Other,7.75,7.75,7.75
Colombia,Caturra,Washed / Wet,7.67,7.67,7.67
Mexico,Typica,Washed / Wet,7.83,7.67,7.58
Colombia,Caturra,Natural / Dry,7.67,7.58,7.58
Brazil,Catuai,Semi-washed / Semi-pulped,7.83,7.75,7.75
Colombia,Caturra,Washed / Wet,7.75,7.58,7.75
Taiwan,,,7.58,7.58,7.17
Costa Rica,Caturra,Washed / Wet,7.92,7.42,7.67
Colombia,Caturra,Natural / Dry,7.75,7.58,7.5
Guatemala,Bourbon,Washed / Wet,7.67,7.75,7.83
Colombia,Caturra,Washed / Wet,7.58,7.58,7.58
"Tanzania, United Republic Of",Ruiru 11,Washed / Wet,7.75,7.67,7.67
Indonesia,Sumatra,Semi-washed / Semi-pulped,7.25,7.67,7.92
Ethiopia,,Natural / Dry,7.67,7.75,7.58
Colombia,,Washed / Wet,7.67,7.42,7.83
Colombia,Caturra,Washed / Wet,8,7.58,7.58
Guatemala,Caturra,Washed / Wet,7.58,7.75,7.83
Colombia,Caturra,Washed / Wet,7.75,7.58,7.5
Honduras,Caturra,Natural / Dry,7.67,7.5,7.5
Colombia,Caturra,Washed / Wet,7.58,7.75,7.67
Colombia,Caturra,Washed / Wet,7.58,7.67,7.75
Mexico,Bourbon,Natural / Dry,7.83,7.58,7.5
Mexico,Typica,Semi-washed / Semi-pulped,7.67,7.75,7.75
Mexico,Pacamara,Washed / Wet,7.75,7.67,7.75
Guatemala,Caturra,Washed / Wet,7.83,7.5,8
Colombia,Caturra,Washed / Wet,7.67,7.58,7.67
Guatemala,Bourbon,Washed / Wet,7.5,7.5,7.5
United States (Hawaii),,,7.5,7.67,7.92
Indonesia,,,7.83,7.58,7.58
Colombia,Caturra,Washed / Wet,7.5,7.58,7.5
Guatemala,Bourbon,Washed / Wet,7.67,7.75,7.58
Colombia,Caturra,Washed / Wet,7.67,7.67,7.67
Costa Rica,Caturra,Washed / Wet,7.58,7.5,7.92
Taiwan,,,7.67,7.67,7.08
Uganda,SL14,Washed / Wet,7.58,7.75,7.75
Thailand,Catimor,Washed / Wet,7.5,7.58,7.5
El Salvador,Bourbon,Washed / Wet,7.58,7.5,7.58
Colombia,Caturra,Natural / Dry,7.58,7.67,7.67
Brazil,Yellow Bourbon,Semi-washed / Semi-pulped,7.33,7.83,7.5
"Tanzania, United Republic Of",Bourbon,Washed / Wet,7.75,7.67,7.67
Colombia,Caturra,Washed / Wet,7.58,7.58,7.75
Guatemala,Bourbon,Natural / Dry,7.75,7.83,7.83
Guatemala,Caturra,Washed / Wet,7.67,7.75,7.83
Guatemala,Bourbon,Washed / Wet,7.67,7.5,7.42
United States (Hawaii),Hawaiian Kona,Natural / Dry,7.42,7.75,7.58
Colombia,Caturra,Washed / Wet,7.5,7.75,7.5
Colombia,,,7.58,7.58,7.67
United States (Hawaii),,,7.5,7.92,7.67
Thailand,Peaberry,,7.58,7.25,7.92
Mexico,,,7.25,7.88,7.63
Colombia,Caturra,Washed / Wet,7.75,7.5,7.58
Colombia,Caturra,Washed / Wet,7.67,7.58,7.42
Colombia,Caturra,Washed / Wet,7.83,7.58,7.58
Brazil,Catuai,Semi-washed / Semi-pulped,7.5,7.83,7.58
Mexico,Caturra,Washed / Wet,7.75,7.75,7.67
Colombia,Caturra,Washed / Wet,7.67,7.75,7.83
"Tanzania, United Republic Of",Other,Semi-washed / Semi-pulped,7.75,7.58,7.58
Mexico,Other,Washed / Wet,7.67,7.67,7.67
Costa Rica,Caturra,Washed / Wet,7.67,7.67,7.67
United States (Hawaii),Hawaiian Kona,Natural / Dry,7.83,7.58,7.67
Costa Rica,Catuai,Washed / Wet,7.5,7.67,7.5
Peru,,Washed / Wet,7.83,7.75,7.83
Haiti,Typica,Washed / Wet,7.58,7.5,7.5
Colombia,Caturra,Natural / Dry,7.67,7.67,7.67
Guatemala,Bourbon,Washed / Wet,7.83,7.67,7.67
United States (Hawaii),Hawaiian Kona,Natural / Dry,7.92,7.5,7.83
Burundi,Bourbon,Washed / Wet,7.75,7.67,7.5
Colombia,Caturra,Washed / Wet,7.5,7.67,7.58
United States (Hawaii),,,8.08,7.83,7.75
United States (Hawaii),,,7.58,7.67,7.5
Mexico,Typica,Washed / Wet,7.67,7.83,7.83
Costa Rica,Catuai,Pulped natural / honey,7.5,7.5,7.5
Costa Rica,,Washed / Wet,7.83,7.5,7.67
Guatemala,Pacas,Washed / Wet,7.5,7.58,7.83
Uganda,SL14,Washed / Wet,7.5,7.67,7.42
Brazil,,,7.58,7.67,7.5
Colombia,Caturra,Natural / Dry,7.58,7.67,7.17
Mexico,Typica,Natural / Dry,7.83,7.75,7.58
Taiwan,Bourbon,Washed / Wet,7.67,7.5,7.5
Taiwan,Typica,Washed / Wet,7.92,7.83,7.58
Colombia,Caturra,Natural / Dry,7.58,7.58,7.58
Guatemala,Caturra,Washed / Wet,7.5,7.67,7.67
Colombia,Caturra,Washed / Wet,7.83,7.5,7.33
Mexico,Bourbon,Washed / Wet,7.58,7.75,7.5
United States (Hawaii),Hawaiian Kona,Natural / Dry,7.58,7.75,8
Mexico,Mundo Novo,Washed / Wet,7.75,7.58,7.58
Mexico,Caturra,Washed / Wet,7.75,7.75,7.92
Guatemala,Bourbon,Washed / Wet,7.83,7.58,7.83
Brazil,Yellow Bourbon,Semi-washed / Semi-pulped,7.75,7.67,7.58
Colombia,Caturra,Washed / Wet,7.67,7.58,7.42
Colombia,Caturra,Washed / Wet,7.67,7.67,7.5
Colombia,,,7.92,7.75,7.42
Colombia,,,8,7.67,7.25
Colombia,,,7.92,7.75,7.42
Brazil,Bourbon,Natural / Dry,7.67,7.42,7.58
Guatemala,Bourbon,Washed / Wet,7.58,7.58,7.67
"Tanzania, United Republic Of",Bourbon,Washed / Wet,7.67,7.58,7.67
Peru,,,7.92,7.5,7.58
Vietnam,Catimor,Natural / Dry,7.58,7.42,7.33
Guatemala,Caturra,Washed / Wet,7.67,7.75,7.75
Honduras,Catuai,Washed / Wet,7.67,7.67,7.67
China,Catimor,Washed / Wet,7.5,7.67,7.67
China,Catimor,Washed / Wet,7.67,7.67,7.67
El Salvador,Bourbon,Washed / Wet,7.5,7.5,7.67
Guatemala,Bourbon,Washed / Wet,7.5,7.75,7.83
Guatemala,Bourbon,Washed / Wet,7.92,7.67,7.75
Kenya,SL28,Washed / Wet,7.83,7.75,7.75
Thailand,,Washed / Wet,7.67,7.58,7.75
"Tanzania, United Republic Of",Other,Washed / Wet,7.58,7.67,7.58
Colombia,Caturra,Washed / Wet,7.58,7.5,7.67
Uganda,SL14,Washed / Wet,8,7.67,7.42
Colombia,,Washed / Wet,7.58,7.75,7.58
Honduras,Catuai,Natural / Dry,7.5,7.5,7.67
Honduras,Caturra,Natural / Dry,7.67,7.67,7.67
Guatemala,Catuai,Washed / Wet,7.33,7.83,8.17
United States (Hawaii),Hawaiian Kona,Natural / Dry,7.5,7.5,7.42
"Tanzania, United Republic Of",Bourbon,Washed / Wet,7.58,7.5,7.75
Guatemala,Bourbon,Washed / Wet,7.67,7.83,7.67
Mexico,Typica,Washed / Wet,7.75,7.58,7.58
Mexico,Typica,Washed / Wet,7.75,7.67,7.5
Mexico,Pacamara,Washed / Wet,7.58,7.75,7.67
Colombia,Caturra,Washed / Wet,7.67,7.5,7.5
Mexico,Typica,Washed / Wet,7.75,7.5,7.75
Colombia,Caturra,Washed / Wet,7.58,7.67,7.58
Mexico,Typica,Washed / Wet,7.5,7.75,7.58
Brazil,Mundo Novo,Natural / Dry,7.75,7.67,7.5
Brazil,Mundo Novo,Natural / Dry,7.92,7.58,7.58
Guatemala,Bourbon,Washed / Wet,7.75,7.5,7.5
Brazil,Mundo Novo,Semi-washed / Semi-pulped,7.75,7.5,7.5
Brazil,,,7.58,7.75,7.5
El Salvador,,,7.42,7.83,8.08
Ethiopia,,,7.75,8,8.08
Colombia,Caturra,Washed / Wet,7.58,7.67,7.67
Colombia,Caturra,Washed / Wet,7.75,7.5,7.42
Brazil,Yellow Bourbon,Pulped natural / honey,7.58,7.58,7.5
Brazil,Yellow Bourbon,Natural / Dry,7.33,7.67,7.33
Taiwan,Typica,Natural / Dry,7.83,7.92,7.83
Brazil,Mundo Novo,Natural / Dry,7.42,7.67,7.5
Brazil,Bourbon,Washed / Wet,7.58,7.83,7.42
Costa Rica,Catuai,Washed / Wet,7.83,7.33,7.67
United States (Hawaii),Hawaiian Kona,Natural / Dry,7.33,7.75,7.33
Taiwan,Typica,Other,7.75,7.75,7.5
United States (Hawaii),Hawaiian Kona,Natural / Dry,7.83,7.83,7.17
Mexico,Other,Washed / Wet,7.75,7.67,7.75
United States (Hawaii),Hawaiian Kona,Natural / Dry,7.67,7.58,7.67
United States (Hawaii),Hawaiian Kona,Washed / Wet,7.33,7.58,7.92
Colombia,Caturra,,7.33,7.33,7.58
Colombia,,,7.83,7.75,7.25
Indonesia,,,7.67,7.58,7.58
Guatemala,,,7.92,7.67,7.25
Brazil,Bourbon,Natural / Dry,7.58,7.5,7.75
Brazil,Bourbon,Natural / Dry,7.5,7.58,7.67
Brazil,Bourbon,Natural / Dry,7.5,7.67,7.67
Uganda,Bourbon,Washed / Wet,7.67,7.58,7.42
Uganda,Bourbon,Natural / Dry,7.67,7.67,7.58
Colombia,,,7.67,7.67,7.67
Vietnam,Caturra,Other,7.75,7.67,7.58
Guatemala,Catuai,Washed / Wet,7.67,7.75,7.92
Guatemala,Catuai,Washed / Wet,7.75,7.67,7.75
Guatemala,Bourbon,Washed / Wet,7.83,7.67,7.67
Brazil,Catuai,Natural / Dry,7.67,7.67,7.5
Taiwan,Typica,Washed / Wet,7.92,7.92,7.58
Uganda,SL14,Washed / Wet,7.83,7.58,7.5
United States (Puerto Rico),Other,Washed / Wet,7.67,7.5,7.83
Guatemala,Bourbon,Washed / Wet,7.67,7.67,7.83
Costa Rica,Catuai,Washed / Wet,7.67,7.58,7.58
Brazil,Yellow Bourbon,Semi-washed / Semi-pulped,7.75,7.58,7.67
Colombia,Caturra,Washed / Wet,7.75,7.42,7.5
Colombia,Caturra,Washed / Wet,7.83,7.5,7.33
Colombia,Caturra,Natural / Dry,7.33,7.67,7.42
Colombia,Caturra,Natural / Dry,7.58,7.75,7.67
Colombia,Caturra,Washed / Wet,7.5,7.5,7.58
Mexico,Typica,Washed / Wet,7.67,7.58,7.5
Mexico,Typica,Semi-washed / Semi-pulped,7.67,7.83,7.58
Mexico,Bourbon,Washed / Wet,7.5,7.67,7.5
Colombia,Arusha,Natural / Dry,7.67,7.58,7.5
Colombia,Caturra,Washed / Wet,7.75,7.58,7.67
Colombia,Caturra,Washed / Wet,7.67,7.58,7.58
Guatemala,Bourbon,Washed / Wet,7.5,7.67,7.67
Colombia,Caturra,Washed / Wet,7.67,7.67,7.5
Thailand,,,7.33,7.67,7.5
Colombia,,,7.33,7.67,7.33
United States (Hawaii),,,7.83,7.83,7.83
United States (Hawaii),,,7.5,7.58,7.58
Colombia,,,7.5,7.58,7.67
Nicaragua,Caturra,,7.58,7.83,7.92
Thailand,,,7.5,7.25,7.75
Brazil,Bourbon,Natural / Dry,7.67,7.58,7.58
El Salvador,Bourbon,Washed / Wet,7.5,7.5,7.58
Colombia,Caturra,Washed / Wet,7.58,7.67,7.33
Taiwan,Caturra,Natural / Dry,7.17,7.83,7.67
Ethiopia,Ethiopian Heirlooms,Washed / Wet,7.58,7.58,7.5
Taiwan,Typica,Natural / Dry,7.5,7.58,7.33
Philippines,Other,Washed / Wet,7.58,7.58,7.58
Philippines,Other,Washed / Wet,8.08,7.5,7.42
Mexico,Typica,Natural / Dry,7.83,7.67,7.58
Mexico,Bourbon,Washed / Wet,7.75,7.67,7.42
Brazil,Moka Peaberry,Semi-washed / Semi-pulped,7.08,7.5,7.83
Uganda,SL14,Washed / Wet,8,7.5,7.58
Uganda,SL14,Washed / Wet,7.75,7.58,7.5
Guatemala,Bourbon,Washed / Wet,7.75,7.5,7.58
Guatemala,Caturra,Natural / Dry,7.67,7.83,7.5
Guatemala,,Washed / Wet,7.58,7.58,7.58
Colombia,Caturra,Washed / Wet,7.58,7.5,7.33
Colombia,Caturra,Natural / Dry,7.75,7.5,7.5
Guatemala,Bourbon,Washed / Wet,7.83,7.75,7.92
Colombia,Other,Washed / Wet,7.83,7.67,7.42
Mexico,Typica,Natural / Dry,7.58,7.58,7.25
Vietnam,Other,Natural / Dry,7.67,7.33,7.58
Mexico,Typica,Washed / Wet,8,7.92,7.17
United States (Hawaii),Hawaiian Kona,Washed / Wet,7.5,7.5,7.42
Colombia,,,7.5,7.75,7.75
Thailand,,,7.42,7.58,7.17
Kenya,SL28,Washed / Wet,7.75,7.58,7.58
Guatemala,Bourbon,Washed / Wet,7.5,7.58,7.67
Brazil,Yellow Bourbon,Pulped natural / honey,7.67,7.58,7.5
El Salvador,Pacas,Washed / Wet,7.33,7.67,7.83
Rwanda,Bourbon,Washed / Wet,7.83,7.92,7.83
Vietnam,Other,Other,7.25,7.58,7.42
Guatemala,Bourbon,Washed / Wet,7.58,7.58,7.67
Brazil,Catuai,Natural / Dry,7.58,7.83,7.67
Colombia,Other,Washed / Wet,7.83,7.67,7.58
United States,Other,Other,7.42,7.58,7.5
Guatemala,Bourbon,Washed / Wet,7.67,7.67,7.67
Colombia,Typica,Natural / Dry,7.5,7.42,7.5
Colombia,Caturra,Washed / Wet,7.83,7.5,7.42
"Tanzania, United Republic Of",Arusha,Washed / Wet,7.67,7.5,7.25
Mexico,Caturra,Washed / Wet,7.58,7.67,7.58
Mexico,Bourbon,Washed / Wet,7.67,7.58,7.75
Guatemala,Bourbon,Washed / Wet,7.67,7.67,7.5
Mexico,Typica,Washed / Wet,7.58,7.58,7.42
El Salvador,,,7.75,7.58,7.75
Guatemala,Caturra,Washed / Wet,7.5,7.58,7.67
Guatemala,Caturra,Washed / Wet,7.58,7.67,7.58
Guatemala,Bourbon,Washed / Wet,7.5,7.67,7.67
Guatemala,Bourbon,Washed / Wet,7.5,7.5,7.58
Guatemala,Bourbon,Washed / Wet,7.42,7.58,7.67
Indonesia,Sulawesi,Other,7.5,7.58,7.58
Guatemala,Bourbon,Washed / Wet,7.58,7.58,7.58
Taiwan,Yellow Bourbon,Natural / Dry,7.83,7.67,7.67
El Salvador,Bourbon,Washed / Wet,7.67,7.67,7.33
Costa Rica,Caturra,Washed / Wet,7.58,7.5,7.67
Honduras,Caturra,Natural / Dry,7.58,7.5,7.58
Brazil,Yellow Bourbon,Pulped natural / honey,7.5,7.5,7.5
China,Catimor,Natural / Dry,7.67,7.5,7.33
China,Catimor,Washed / Wet,7.5,7.67,7.67
Colombia,Caturra,Washed / Wet,7.5,7.58,7.75
Malawi,Gesha,Washed / Wet,7.75,7.58,7.5
Guatemala,Pacas,Washed / Wet,7.75,7.42,7.75
Colombia,Typica,Washed / Wet,7.67,7.42,7.58
United States (Hawaii),Hawaiian Kona,Natural / Dry,7.67,7.58,7.83
United States (Hawaii),Hawaiian Kona,Natural / Dry,7.58,7.83,7.75
Colombia,Caturra,Washed / Wet,7.58,7.33,7.33
Mexico,Typica,Washed / Wet,7.58,7.58,7.5
Mexico,Typica,Washed / Wet,7.58,7.58,7.75
Mexico,Typica,Natural / Dry,8.08,8.17,8
Colombia,Caturra,Washed / Wet,7.5,7.58,7.67
Colombia,Caturra,Washed / Wet,7.67,7.58,7.58
United States (Hawaii),Hawaiian Kona,Washed / Wet,7.25,7.75,7.83
Panama,Catuai,Washed / Wet,7.42,7.42,7.58
United States (Hawaii),,,7.75,7.67,7.83
Brazil,Bourbon,Natural / Dry,7.5,7.58,7.75
Brazil,Bourbon,Natural / Dry,7.5,7.58,7.67
Laos,Catimor,Washed / Wet,7.67,7.67,7.42
El Salvador,Pacas,Washed / Wet,7.67,7.67,7.67
Mexico,,,7.5,7.67,7.75
Colombia,,Washed / Wet,7.75,7.5,7.58
Brazil,Yellow Bourbon,Natural / Dry,7.58,7.5,7.67
Brazil,Catuai,Natural / Dry,7.33,7.5,7.58
"Tanzania, United Republic Of",Other,Washed / Wet,7.5,7.5,7.5
"Tanzania, United Republic Of",Bourbon,Washed / Wet,7.58,7.5,7.58
Taiwan,Typica,Washed / Wet,8,7.83,7.42
Mexico,Typica,Natural / Dry,7.67,7.58,7.5
Uganda,SL14,Washed / Wet,7.67,7.5,7.67
Taiwan,Typica,Washed / Wet,7.67,7.5,7.5
Thailand,Caturra,Washed / Wet,7.42,7.5,7.67
Colombia,Caturra,Washed / Wet,7.75,7.58,7.25
El Salvador,Other,Washed / Wet,7.92,8,6.75
Guatemala,Caturra,Washed / Wet,7.67,7.67,7.67
Thailand,Other,Washed / Wet,7.83,7.33,7.33
Mexico,Other,Washed / Wet,7.58,7.58,7.58
Mexico,Typica,Washed / Wet,7.5,7.58,7.58
Colombia,,,7.33,7.58,7.42
United States (Hawaii),,,7.83,7.67,7.67
Mexico,Blue Mountain,,7.75,7.58,7.75
Colombia,,,8.08,7.67,7.33
Colombia,,,7.5,7.42,7.33
Guatemala,Bourbon,Washed / Wet,7.5,7.42,7.75
Taiwan,Typica,Pulped natural / honey,7.67,7.42,7.42
Brazil,,Pulped natural / honey,7.5,7.58,7.5
Taiwan,,,7.25,7.25,7.08
Brazil,,,7.42,7.42,7.33
Indonesia,Typica,Semi-washed / Semi-pulped,7.83,7.58,7.33
Thailand,,Washed / Wet,7.75,7.33,7.67
Thailand,Caturra,Washed / Wet,7.42,7.58,7.42
"Tanzania, United Republic Of",Other,Washed / Wet,7.75,7.42,7.5
Uganda,SL14,Natural / Dry,7.83,7.5,7.58
Costa Rica,Catuai,Washed / Wet,7.67,7.42,7.67
Mexico,,Washed / Wet,7.58,7.58,7.75
Guatemala,,Natural / Dry,7.5,7.58,7.58
Colombia,Caturra,Washed / Wet,7.75,7.25,7.42
Colombia,Caturra,Washed / Wet,7.75,7.5,7.25
Colombia,Caturra,Washed / Wet,7.58,7.5,7.58
Mexico,Typica,Washed / Wet,7.5,7.58,7.5
Mexico,Typica,Washed / Wet,7.67,7.58,7.75
Colombia,Caturra,Washed / Wet,7.33,7.42,7.42
Brazil,Mundo Novo,,7.58,7.5,7.75
Brazil,Bourbon,Natural / Dry,7.5,7.5,7.5
Indonesia,Other,Washed / Wet,7.83,7.75,7.5
Honduras,Caturra,Washed / Wet,7.58,7.58,7.5
Guatemala,Bourbon,Washed / Wet,7.5,7.5,7.5
Thailand,,Washed / Wet,7.5,7.83,7.75
Thailand,Caturra,Washed / Wet,7.33,7.5,7.5
"Tanzania, United Republic Of",Other,Washed / Wet,7.67,7.42,7.58
"Tanzania, United Republic Of",Other,Washed / Wet,7.75,7,7.58
Mexico,Other,Washed / Wet,7.42,7.58,7.67
Brazil,Yellow Bourbon,Semi-washed / Semi-pulped,7.42,7.5,7.33
Guatemala,Bourbon,Washed / Wet,7.83,7.42,7.67
Colombia,Caturra,Washed / Wet,7.5,7.5,7.42
Guatemala,Bourbon,Washed / Wet,7.83,7.67,7.33
Mexico,Typica,Washed / Wet,7.5,7.58,7.5
Mexico,Typica,Washed / Wet,7.67,7.5,7.67
Mexico,Typica,Semi-washed / Semi-pulped,7.92,7.5,7.58
Guatemala,Caturra,Natural / Dry,7.67,7.33,7.33
Brazil,Bourbon,Semi-washed / Semi-pulped,7.67,7.42,7.67
Colombia,Caturra,Washed / Wet,7.67,7.5,7.5
United States (Hawaii),Hawaiian Kona,Washed / Wet,7.33,7.42,7.75
Guatemala,,,7.75,7.58,7.67
Honduras,Other,Washed / Wet,7.42,7.67,7.58
Guatemala,Bourbon,Washed / Wet,7.58,7.5,7.75
Guatemala,Bourbon,Washed / Wet,7.67,7.58,7.67
Guatemala,Bourbon,Washed / Wet,7.58,7.5,7.67
Guatemala,Caturra,Washed / Wet,7.5,7.42,7.75
Colombia,Caturra,Washed / Wet,5.08,7.75,7.75
China,Catimor,Washed / Wet,7.67,7.42,7.5
Brazil,,,7.42,7.5,7.5
"Tanzania, United Republic Of",Ruiru 11,Washed / Wet,7.67,7.25,7.42
Brazil,Yellow Bourbon,Natural / Dry,7.17,7.83,7.5
Guatemala,Caturra,Washed / Wet,7.5,7.5,7.67
Mexico,Typica,Washed / Wet,7.42,7.5,7.58
Brazil,Catuai,Semi-washed / Semi-pulped,7.58,7.67,7.5
Peru,,Washed / Wet,7.58,7.58,7.75
Brazil,Yellow Bourbon,Natural / Dry,7.25,7.33,7.5
Mexico,Bourbon,Washed / Wet,7.5,7.58,7.92
Honduras,,Washed / Wet,7.25,7.67,7.17
Colombia,Caturra,Washed / Wet,7.67,7.42,7.5
Mexico,Typica,Washed / Wet,7.5,7.42,7.67
Mexico,Typica,Semi-washed / Semi-pulped,7.42,7.58,7.42
Mexico,Typica,Washed / Wet,7.42,7.58,7.58
Mexico,Caturra,Washed / Wet,7.75,7.33,7.58
Mexico,Typica,Washed / Wet,7.5,7.58,7.5
Mexico,Pacamara,Washed / Wet,7.58,7.58,7.5
Mexico,Caturra,Washed / Wet,7.58,7.33,7.58
Mexico,Bourbon,Washed / Wet,7.67,7.58,7.42
Mexico,Typica,Washed / Wet,7.83,7.5,7.67
Colombia,Caturra,Natural / Dry,7.67,7.33,7.42
Brazil,Arusha,Natural / Dry,7.75,7.5,7.42
Colombia,Caturra,Washed / Wet,7.33,7.58,7.58
Colombia,,,7.58,7.25,7.25
Honduras,Caturra,Washed / Wet,7.5,7.58,7.5
Brazil,Catuai,Natural / Dry,7.33,7.5,7.33
Brazil,,Natural / Dry,7.42,7.42,7.5
Brazil,Bourbon,Natural / Dry,7.5,7.5,7.5
Costa Rica,Caturra,Washed / Wet,7.75,7.5,7.25
Costa Rica,Catuai,Washed / Wet,7.75,7.33,7.5
China,Catimor,Pulped natural / honey,7.5,7.58,7.5
Brazil,Bourbon,Natural / Dry,8.25,7.83,8.33
Brazil,Mundo Novo,Natural / Dry,7.42,7.5,7.42
Guatemala,Bourbon,Washed / Wet,7.5,7.42,7.83
Malawi,Gesha,Washed / Wet,7.33,7.58,7.58
Brazil,Bourbon,Natural / Dry,7.75,8.08,8.08
Guatemala,Pacas,Washed / Wet,7.58,7.67,7.58
Mexico,,Washed / Wet,7.33,7.58,7.5
Colombia,Caturra,Washed / Wet,7.42,7.33,7.17
Taiwan,Typica,Semi-washed / Semi-pulped,7.5,7.5,7.5
Taiwan,Typica,Washed / Wet,7.5,7.5,7.5
Guatemala,Bourbon,Washed / Wet,7.5,7.42,7.5
Colombia,Caturra,Washed / Wet,7.5,7.42,7.5
Mexico,Typica,Washed / Wet,7.67,7.5,7.5
Costa Rica,,Washed / Wet,7.92,7.58,7.75
Guatemala,Bourbon,Washed / Wet,7.67,7.5,7.67
Mexico,Typica,Natural / Dry,7.58,7.67,7.33
Mexico,Bourbon,Washed / Wet,7.67,7.58,7.58
Guatemala,Bourbon,Washed / Wet,7.5,7.67,7.5
Brazil,Mundo Novo,Natural / Dry,7.58,7.5,7.5
Mexico,Typica,Washed / Wet,8,7.75,7.33
Brazil,Mundo Novo,Washed / Wet,7.58,7.58,7.58
Colombia,Caturra,Natural / Dry,7.83,7.58,7.25
Brazil,Catuai,Washed / Wet,7.58,7.5,7.42
Taiwan,,,7,7.08,7.17
Guatemala,Pacas,Washed / Wet,7.67,7.5,7.67
Brazil,Yellow Bourbon,Natural / Dry,7.42,7.67,7.08
El Salvador,Bourbon,Washed / Wet,7.58,7.67,7.67
Honduras,Catuai,Washed / Wet,7.58,7.5,7.58
Malawi,Gesha,Washed / Wet,7.58,7.42,7.42
Brazil,Bourbon,Natural / Dry,7.75,7.58,7.42
Taiwan,Typica,Washed / Wet,7.5,7.5,7.5
Mexico,Mundo Novo,Washed / Wet,7.58,7.58,7.42
United States (Hawaii),Hawaiian Kona,Natural / Dry,7.33,7.42,7.67
Mexico,Bourbon,Washed / Wet,7.58,7.58,7.17
Guatemala,Bourbon,Washed / Wet,7.5,7.5,7.58
Mexico,Bourbon,Washed / Wet,7.5,7.58,7.67
Mexico,Typica,Washed / Wet,7.67,7.58,7.5
El Salvador,Other,Washed / Wet,7.75,7.33,7.5
Mexico,Typica,Washed / Wet,7.33,7.58,7.67
Mexico,Typica,Washed / Wet,7.42,7.5,7.58
Colombia,Caturra,Washed / Wet,7.5,7.42,7.33
Colombia,Caturra,Washed / Wet,7.67,7.33,7.33
Brazil,Arusha,Natural / Dry,7.67,7.58,7
Colombia,,,7.17,7.25,7.25
Brazil,Bourbon,Natural / Dry,7.42,7.42,7.42
Honduras,Caturra,Washed / Wet,7.5,7.5,7.42
Nicaragua,,,7.5,7.5,7.42
"Tanzania, United Republic Of",Bourbon,Washed / Wet,7.58,7.42,7.33
"Tanzania, United Republic Of",Other,Washed / Wet,7.42,7.42,7.5
Brazil,Yellow Bourbon,Natural / Dry,6.92,7.58,7.33
Thailand,,Washed / Wet,7.42,7.42,7.75
Honduras,Catuai,Washed / Wet,7.67,7.5,7.42
Guatemala,Bourbon,Washed / Wet,7.42,7.42,7.5
Brazil,Mundo Novo,Natural / Dry,7.58,7.5,7.25
"Tanzania, United Republic Of",Other,Washed / Wet,7.75,7.42,7.58
Mexico,Other,Washed / Wet,7.42,7.33,7.42
Mexico,Other,Washed / Wet,7.5,7.5,7.42
Taiwan,Typica,Other,7.5,7.5,7.5
Taiwan,Typica,Washed / Wet,7.67,7.5,7.17
Colombia,Caturra,Washed / Wet,7.33,7.25,7.58
Mexico,Typica,Washed / Wet,7.5,7.67,7.5
Guatemala,Caturra,Washed / Wet,7.25,7.75,7.75
Mexico,Typica,Washed / Wet,7.5,7.58,7.5
Mexico,Typica,Washed / Wet,7,7.67,7.5
Colombia,,,7.58,7.67,7.17
Indonesia,Bourbon,Washed / Wet,7.5,7.5,7.42
Colombia,Caturra,Washed / Wet,7.75,7.58,7.67
Brazil,Bourbon,Natural / Dry,7.42,7.58,7.5
Brazil,Yellow Bourbon,Natural / Dry,7.25,7.25,7.58
Costa Rica,Caturra,Washed / Wet,7.75,7.42,7.25
"Tanzania, United Republic Of",Bourbon,Washed / Wet,7.42,7.33,7.42
"Tanzania, United Republic Of",Other,Washed / Wet,7.42,7.5,7.33
Colombia,,Washed / Wet,7.5,7.42,7.42
Costa Rica,Caturra,Washed / Wet,7.58,7.33,7.33
United States (Hawaii),Hawaiian Kona,Natural / Dry,7.25,7.58,7.25
Mexico,Typica,Washed / Wet,7.42,7.58,7.33
Mexico,Typica,Washed / Wet,7.5,7.42,7.5
Mexico,Typica,Washed / Wet,7.67,7.5,7.58
Vietnam,Other,Natural / Dry,7.67,8,7.08
Mexico,Typica,Washed / Wet,7.58,7.42,7.75
United States (Hawaii),Hawaiian Kona,Washed / Wet,7.33,7.5,7.58
Colombia,,,7.67,7.42,7.33
Honduras,Caturra,Washed / Wet,7.5,7.5,7.5
Honduras,Caturra,Natural / Dry,7.5,7.5,7.33
Brazil,Bourbon,Natural / Dry,7.5,7.33,7.5
"Tanzania, United Republic Of",Other,Washed / Wet,7.67,7.33,7.42
Laos,Other,Washed / Wet,7.42,7.5,7.33
"Tanzania, United Republic Of",Other,Washed / Wet,7.42,7.42,7.58
Malawi,Gesha,Washed / Wet,7.5,7.42,7.58
Taiwan,Typica,Washed / Wet,7.33,7.5,7.42
Thailand,,Washed / Wet,7.58,7.5,7.42
Costa Rica,Catuai,Washed / Wet,7.5,7.25,7.33
Honduras,Caturra,Washed / Wet,7.33,7.33,7.5
Colombia,Caturra,Washed / Wet,7.33,7.33,7.5
Taiwan,Typica,Washed / Wet,7.42,7.58,7.42
Brazil,Mundo Novo,Natural / Dry,7.33,7.67,7.17
Mexico,Typica,Washed / Wet,7.67,7.33,7.5
Brazil,Mundo Novo,Natural / Dry,7.42,7.5,7.5
Brazil,Catuai,Semi-washed / Semi-pulped,7.42,7.5,7.5
Guatemala,Bourbon,Natural / Dry,7.33,7.33,7.5
Brazil,Mundo Novo,Semi-washed / Semi-pulped,7.58,7.5,7.5
Guatemala,Bourbon,Washed / Wet,7.75,7.33,7.42
Colombia,Caturra,,7.33,7,7.42
Guatemala,Bourbon,Washed / Wet,7.58,7.5,7.58
Guatemala,Bourbon,Washed / Wet,7.5,7.5,7.42
Honduras,Caturra,Washed / Wet,7.58,7.5,7.33
Brazil,Catuai,Natural / Dry,7.42,7.33,7.5
El Salvador,Bourbon,Washed / Wet,7.67,7.58,7.5
Guatemala,Catuai,Washed / Wet,7.58,7.58,7.83
"Tanzania, United Republic Of",Other,Washed / Wet,7.33,7.33,7.42
Nicaragua,,Washed / Wet,7.58,7.42,7.17
Zambia,SL28,Washed / Wet,7.67,7.08,7.33
Honduras,,Washed / Wet,7.42,7.33,7.58
Taiwan,Typica,Other,7.5,7.5,7.25
Mexico,Bourbon,Washed / Wet,7.58,7.5,7.58
Mexico,Typica,Semi-washed / Semi-pulped,7.5,7.5,7.25
Mexico,Mundo Novo,Washed / Wet,7.5,7.42,7.5
Mexico,Other,Washed / Wet,7.33,7.58,7.58
Mexico,Bourbon,Washed / Wet,7.67,7.42,7.83
Brazil,Mundo Novo,Natural / Dry,7.42,7.58,7.5
Colombia,,,7.67,7.33,7.58
Guatemala,Bourbon,Washed / Wet,7.42,7.5,7.5
Costa Rica,Catuai,Pulped natural / honey,7.25,7.33,7.33
Brazil,Mundo Novo,Natural / Dry,7.42,7.5,7.5
Indonesia,Other,Other,7.75,7.83,7.75
Guatemala,Bourbon,Washed / Wet,7.58,7.5,7.42
Brazil,Yellow Bourbon,Natural / Dry,7.17,7.58,7.5
Brazil,Yellow Bourbon,Natural / Dry,7.58,7,6.92
Myanmar,Catuai,Washed / Wet,7.33,7.58,7.42
Mexico,Catuai,Washed / Wet,7.58,7.5,7.5
Honduras,Catuai,Washed / Wet,7.5,7.5,7.5
Costa Rica,Caturra,Washed / Wet,7.67,7.5,7.25
Taiwan,Typica,Washed / Wet,7.67,7.33,7.25
Indonesia,Typica,Other,7.42,7.42,7.33
Malawi,Gesha,Washed / Wet,7.58,7.42,7.33
Brazil,Bourbon,Natural / Dry,7.33,7.58,7.17
Honduras,Caturra,Natural / Dry,7.5,7.5,7.33
Mexico,Typica,Washed / Wet,7.42,7.42,7.5
Colombia,Caturra,Washed / Wet,7.5,7.5,7.42
United States (Hawaii),Hawaiian Kona,Natural / Dry,7.83,7.83,8
Brazil,Bourbon,Semi-washed / Semi-pulped,7.75,7.75,7.42
Guatemala,Bourbon,Washed / Wet,7.83,7.67,7.33
Mexico,Bourbon,Washed / Wet,7.83,7.33,7.58
Mexico,Typica,Semi-washed / Semi-pulped,7.33,7.33,7.5
Brazil,Mundo Novo,,7.33,7.67,7.5
Colombia,,,7.58,7.5,7.58
United States (Hawaii),,,7.25,7.58,7.67
Guatemala,Bourbon,Washed / Wet,7.5,7.5,7.42
Vietnam,Caturra,Washed / Wet,7,7.08,7.5
"Tanzania, United Republic Of",Other,Washed / Wet,7.42,7.42,7.42
Brazil,,Natural / Dry,7.17,7.25,7.25
Mexico,Bourbon,Washed / Wet,7.5,7.5,7.42
Mexico,Mundo Novo,Washed / Wet,7.42,7.5,7.67
Mexico,Typica,Washed / Wet,7.42,7.5,7.58
Mexico,Caturra,Washed / Wet,7.33,7.42,7.67
Mexico,Typica,Washed / Wet,7.5,7.42,7.33
Colombia,Caturra,Washed / Wet,7.33,7.42,7.33
Colombia,,,7.42,7.58,7.08
Brazil,Bourbon,Natural / Dry,7.42,7.5,7.5
Guatemala,Bourbon,Washed / Wet,7.42,7.42,7.42
Guatemala,Bourbon,Washed / Wet,7.42,7.33,7.67
Honduras,Catuai,Washed / Wet,7.58,7.5,7.33
"Tanzania, United Republic Of",,,7.17,7.33,7.42
Nicaragua,,,7.58,7.5,7.25
Colombia,,,7.75,7.75,7.67
Brazil,Yellow Bourbon,Natural / Dry,7.25,7.75,7.42
"Tanzania, United Republic Of",Other,Washed / Wet,7.42,7.33,7.42
"Tanzania, United Republic Of",Other,Washed / Wet,7.33,7.33,7.25
Brazil,Bourbon,Washed / Wet,7.25,7.42,7.5
Indonesia,Sumatra,Semi-washed / Semi-pulped,7.17,7.42,7.42
Honduras,Caturra,Natural / Dry,7.5,7.33,7.5
Costa Rica,Caturra,Washed / Wet,7.5,7.17,7.17
Mexico,,Washed / Wet,7.42,7.42,8
Taiwan,Typica,Semi-washed / Semi-pulped,7.5,7.5,7.25
Taiwan,Typica,Washed / Wet,7.58,7.42,7.42
Mexico,Typica,Washed / Wet,7.5,7.42,7.58
Guatemala,Bourbon,Washed / Wet,7.5,7.67,7.33
Mexico,Typica,Washed / Wet,7.25,7.67,7.67
Mexico,Bourbon,Washed / Wet,7.67,7.25,7.75
Mexico,Bourbon,Washed / Wet,7.5,7.42,7.42
Mexico,Bourbon,Washed / Wet,7.58,7.42,7.58
Mexico,Caturra,Semi-washed / Semi-pulped,7.75,7.58,7.17
United States (Hawaii),Hawaiian Kona,Washed / Wet,7.42,7.33,7.33
Honduras,Catimor,Washed / Wet,7.5,7.42,7.42
Guatemala,Bourbon,Washed / Wet,7.42,7.42,7.5
Taiwan,Typica,Washed / Wet,7.42,7.42,7.67
Costa Rica,Caturra,Washed / Wet,7.58,7.42,7.17
"Tanzania, United Republic Of",Other,Washed / Wet,7.42,7.42,7.42
Malawi,Gesha,Washed / Wet,7.42,7.42,7.58
Taiwan,Typica,Semi-washed / Semi-pulped,7.33,7.17,7.08
Brazil,Yellow Bourbon,Washed / Wet,7.42,7.42,7.33
Guatemala,Bourbon,Washed / Wet,7.42,7.33,7.58
Mexico,Typica,Washed / Wet,7.67,7.5,7.5
Mexico,Marigojipe,Natural / Dry,7.33,7.5,7.5
Mexico,Typica,Natural / Dry,7.67,7.58,7.58
Thailand,,,7.08,7.33,7.58
Thailand,,,7.33,7.33,7.5
Costa Rica,,,7.25,7.17,7.33
Guatemala,Bourbon,Washed / Wet,7.67,7.58,7.42
Nicaragua,Caturra,Other,7.5,7.42,7.33
Honduras,Caturra,Washed / Wet,7.5,7.5,7.42
Guatemala,Bourbon,,7.5,7.42,7.25
Taiwan,Typica,Natural / Dry,7.5,7.42,7.08
Myanmar,Catuai,Washed / Wet,7.25,7.42,7.5
Costa Rica,Caturra,Washed / Wet,7.83,7.33,7.08
Malawi,Gesha,Washed / Wet,7.67,7.42,7.5
Guatemala,Other,Washed / Wet,7.5,7.42,7.58
Taiwan,Typica,Washed / Wet,7.42,7.33,7.33
Brazil,Yellow Bourbon,Semi-washed / Semi-pulped,7.58,7.5,7.67
Haiti,Blue Mountain,Washed / Wet,7.42,7.33,7.42
Taiwan,Typica,Other,7.5,7.42,7.25
Mexico,Typica,Washed / Wet,7.33,7.33,7.42
Mexico,Typica,Washed / Wet,7.58,7.42,7.42
Mexico,Catuai,Washed / Wet,7.42,7.25,7.42
Mexico,Typica,Semi-washed / Semi-pulped,7.33,7.5,7.33
Mexico,Bourbon,Washed / Wet,7.42,7.42,7.17
Mexico,Typica,Natural / Dry,7.5,7.5,7.5
Indonesia,Other,Washed / Wet,7.75,7.17,7.33
Brazil,Bourbon,Semi-washed / Semi-pulped,7.5,7.42,7.42
Guatemala,Bourbon,Washed / Wet,7.33,7.5,7.42
Colombia,,,7.42,7.42,7.42
United States (Hawaii),,,7.33,7.33,7.5
Mexico,Mundo Novo,Washed / Wet,7.58,7.33,7.33
Guatemala,Catuai,Washed / Wet,7.42,7.33,7.58
Brazil,Catuai,Natural / Dry,7.33,7.5,7.33
Honduras,Catuai,Washed / Wet,7.5,7.33,7.25
Taiwan,Typica,Washed / Wet,7.83,7.75,7.17
Malawi,Gesha,Washed / Wet,7.58,7.17,7.42
Brazil,Bourbon,Natural / Dry,7.25,7.5,7.17
Guatemala,Bourbon,Washed / Wet,7.42,7.5,7.42
Mexico,Typica,Washed / Wet,7.67,7.33,7.17
Peru,,Washed / Wet,7.42,7.42,7.33
Guatemala,Bourbon,Washed / Wet,7.42,7.33,7.42
Mexico,Caturra,Washed / Wet,7.42,7.33,7.17
Mexico,Typica,Washed / Wet,7.42,7.42,7.25
Colombia,Caturra,Natural / Dry,7.5,7.42,7.17
Colombia,,,7.75,7.33,7
United States (Hawaii),Peaberry,,7.83,7,7.58
Colombia,Caturra,Washed / Wet,7.5,7.33,7.17
Honduras,Caturra,Washed / Wet,7.5,7.5,7.17
Mexico,,,7.67,7.42,7.42
Brazil,Catuai,Natural / Dry,7.25,7.33,7.33
Honduras,Catuai,Washed / Wet,7.58,7.42,7.42
Brazil,Yellow Bourbon,Other,7.17,7.33,7.25
Philippines,Other,Washed / Wet,7.08,7.33,7.33
Malawi,Gesha,Washed / Wet,7.75,7.33,7.33
Honduras,Catuai,Washed / Wet,7.33,7.33,7.33
Mexico,Typica,Washed / Wet,7.58,7.42,7.33
Mexico,Typica,Washed / Wet,7.33,7.25,7.42
Brazil,Catuai,Natural / Dry,7.5,7.58,7.5
Taiwan,Typica,Natural / Dry,7.83,7.75,7.83
Brazil,Yellow Bourbon,Natural / Dry,7.17,7.42,7.08
Nicaragua,Catuai,Washed / Wet,7.08,7.5,7.17
Honduras,Catuai,Washed / Wet,7.42,7.17,7.5
Guatemala,Pacamara,Washed / Wet,7.33,7.42,7.25
"Tanzania, United Republic Of",Other,Washed / Wet,7.33,7.17,7.5
Taiwan,Typica,Semi-washed / Semi-pulped,7.5,7.5,7.25
Guatemala,Caturra,Washed / Wet,7.5,7.33,7.58
Mexico,Typica,Washed / Wet,7.42,7.42,7.33
Nicaragua,,Washed / Wet,7.33,7.5,7.17
"Tanzania, United Republic Of",Bourbon,Washed / Wet,7.67,7.17,7.33
Mexico,Caturra,Washed / Wet,7.75,7.58,7.25
Costa Rica,Caturra,Washed / Wet,7.5,7.5,7.17
Honduras,Catuai,Natural / Dry,7.42,7.33,7.42
Thailand,Caturra,Washed / Wet,6.83,7.42,7.17
Philippines,Typica,Natural / Dry,7.25,7.25,7.08
"Tanzania, United Republic Of",Bourbon,Washed / Wet,7.58,7.17,7.33
Malawi,Caturra,Washed / Wet,7.58,7.25,7.08
Costa Rica,Catuai,Washed / Wet,7.33,7.08,7.25
Brazil,Catuai,Natural / Dry,7.42,7.42,7.42
Mexico,Typica,Natural / Dry,7.42,7.25,7.75
Guatemala,Caturra,Washed / Wet,7.42,7.25,7.25
Brazil,Mundo Novo,Natural / Dry,7.42,7.33,7.42
United States (Hawaii),,,7.25,7.75,7.67
Ethiopia,,Natural / Dry,7.42,7.33,7.33
Brazil,Mundo Novo,Natural / Dry,7.58,7.42,7.25
Nicaragua,Other,Washed / Wet,7.33,7.33,7.42
United States,Pache Comun,Natural / Dry,7.42,7.17,7.42
"Tanzania, United Republic Of",Other,Washed / Wet,7.42,7.33,7.25
Costa Rica,Caturra,Washed / Wet,7.42,7.25,7.25
United States (Puerto Rico),Other,Washed / Wet,7.67,7.75,7.58
Mexico,Typica,Washed / Wet,7.25,7.42,7.33
Mexico,Typica,Washed / Wet,7.33,7.25,7.42
Mexico,Typica,Washed / Wet,7.33,7.33,7.42
Mexico,Typica,Washed / Wet,7.42,7.33,7.42
United States (Hawaii),Hawaiian Kona,Washed / Wet,7.42,7.42,7.58
Brazil,Bourbon,Pulped natural / honey,7.25,7.25,7.5
El Salvador,Bourbon,Washed / Wet,7.42,7.08,7.33
Brazil,Yellow Bourbon,Pulped natural / honey,7.33,7.17,7.67
Guatemala,Bourbon,Washed / Wet,7.42,7.25,7.5
Colombia,Caturra,Washed / Wet,7.67,7.5,5.25
Guatemala,Bourbon,Washed / Wet,7.5,7.25,7.25
Taiwan,Typica,Washed / Wet,7.25,7.17,7.25
Honduras,Caturra,Natural / Dry,7.42,7.25,7.33
Brazil,Mundo Novo,Natural / Dry,7.67,7.75,7.75
"Tanzania, United Republic Of",Other,Washed / Wet,7.33,7.33,7.42
Uganda,SL14,Natural / Dry,7.33,6.92,7.33
Taiwan,Typica,Semi-washed / Semi-pulped,7.5,6.92,7.33
Thailand,,Washed / Wet,7.33,7.42,7.42
Mexico,Other,Washed / Wet,7.08,7.33,7.33
Mexico,Typica,Washed / Wet,7.58,7.67,7.67
Taiwan,Other,Washed / Wet,7.33,7.17,7.33
Guatemala,Bourbon,Washed / Wet,7.67,7.67,7.58
Kenya,SL28,Washed / Wet,7.17,7.58,7.5
Mexico,Bourbon,Washed / Wet,7.5,7.33,7.42
Myanmar,Other,Other,7.17,7.42,7.58
United States (Hawaii),Hawaiian Kona,Natural / Dry,7.42,7.08,7.17
"Tanzania, United Republic Of",Other,Washed / Wet,7.33,7.17,7.25
Brazil,Yellow Bourbon,Natural / Dry,7.25,7.33,7.25
Taiwan,Typica,Washed / Wet,7.92,7.67,7.08
Brazil,Bourbon,Natural / Dry,7.17,7.42,7.25
Nicaragua,Caturra,Washed / Wet,7.33,7.08,7
Guatemala,Pacas,Washed / Wet,7.58,7.42,7.5
Taiwan,Typica,Washed / Wet,7.42,7.25,7.25
Taiwan,Typica,Other,7.25,7.17,7.08
Taiwan,Typica,Washed / Wet,7.42,7.25,7.25
Mexico,Typica,Washed / Wet,7.58,7.33,7.5
Thailand,Peaberry,,7.67,7.58,7.33
Laos,Catimor,Washed / Wet,7.42,7.33,7.17
Guatemala,Caturra,Washed / Wet,7.67,7.25,7.33
Mexico,Catuai,Semi-washed / Semi-pulped,7.17,7.08,7.42
Mexico,Typica,Washed / Wet,7.33,7.25,7.33
Mexico,Bourbon,Washed / Wet,7.5,7.17,7.25
United States (Hawaii),Hawaiian Kona,Washed / Wet,7.42,7.33,7.25
Colombia,,,7.33,7.33,6.83
Brazil,,Natural / Dry,7.17,7.25,7.17
Myanmar,Catuai,Washed / Wet,6.92,7.5,7.58
Guatemala,Caturra,Washed / Wet,7.5,7.33,7.42
Nicaragua,Other,Washed / Wet,7.25,7.25,7.25
Honduras,Caturra,Natural / Dry,7.5,7.33,7.42
Panama,Caturra,Other,7.25,7.33,7.33
Honduras,Catuai,Washed / Wet,7.42,7.17,7.42
Honduras,Catuai,Natural / Dry,7.25,7.33,7.5
Costa Rica,Caturra,Washed / Wet,7.33,7.33,7.25
Mexico,Typica,Washed / Wet,7.58,7.33,7.25
Haiti,Typica,Washed / Wet,7.42,7,7.25
United States (Hawaii),Arusha,Natural / Dry,7.08,7.33,7.25
Taiwan,Typica,Other,7.33,7.08,7.08
Indonesia,Mandheling,Semi-washed / Semi-pulped,7.58,7.42,7.67
Guatemala,Bourbon,Washed / Wet,7.67,7.42,7.17
Costa Rica,Caturra,Washed / Wet,7.83,7.5,7.67
Malawi,Caturra,Washed / Wet,7.5,7.25,7.17
Mexico,Typica,Washed / Wet,7.25,7.17,7.25
Colombia,Caturra,Natural / Dry,7.67,7.5,7.67
Guatemala,Bourbon,Washed / Wet,7.67,7.17,7.5
Guatemala,Bourbon,Washed / Wet,7,7.33,7.33
Guatemala,Bourbon,Washed / Wet,7,7.5,7.17
Colombia,,,7.17,7.25,7.42
Brazil,,,7.33,7.25,7.08
Nicaragua,,,7.08,7.5,7.25
"Tanzania, United Republic Of",Other,Washed / Wet,7.25,7.08,7.33
Brazil,Bourbon,Semi-washed / Semi-pulped,7.42,7.25,7
Honduras,Caturra,Washed / Wet,7.5,7.17,7.42
Guatemala,Bourbon,Natural / Dry,7.17,7.42,7.5
United States (Hawaii),,,7.42,7.58,7.92
Colombia,,,7.08,7.25,7.5
Taiwan,Other,Natural / Dry,7.17,7.17,7.42
Guatemala,Caturra,Washed / Wet,7.33,7.25,7.17
Honduras,Catuai,Washed / Wet,7.58,7.33,7.17
Mauritius,,,7.25,7.25,7.17
Brazil,Yellow Bourbon,Semi-washed / Semi-pulped,7.25,7.33,7.5
Myanmar,Other,Washed / Wet,7.17,7.33,7.42
Guatemala,Other,Washed / Wet,7.5,7.17,7.5
Brazil,Yellow Bourbon,Semi-washed / Semi-pulped,7.42,7.42,7.33
United States (Hawaii),Hawaiian Kona,Natural / Dry,7.42,7.33,7.58
Guatemala,Bourbon,Washed / Wet,7.5,7.5,7.67
Mexico,Typica,Washed / Wet,7.25,7.25,7.33
Honduras,,,7.25,7.42,7.42
Taiwan,Typica,Washed / Wet,7.58,7.17,7.17
El Salvador,Bourbon,Washed / Wet,7.33,7.17,7.08
China,Other,Washed / Wet,7.25,7.08,7.17
Taiwan,Typica,Washed / Wet,7.25,7.25,7.25
Mexico,Typica,Washed / Wet,6.92,7.17,7.5
Mexico,Caturra,Washed / Wet,7.42,7.08,7.33
Burundi,,,7.08,7.25,7.33
"Tanzania, United Republic Of",Bourbon,Washed / Wet,7.25,7.17,7.25
"Tanzania, United Republic Of",Other,Washed / Wet,7.25,7.17,7.25
Taiwan,Yellow Bourbon,Other,7.25,7.25,7.25
Guatemala,Bourbon,Washed / Wet,7.33,7.33,7.5
Mexico,Typica,Semi-washed / Semi-pulped,7.25,7.08,7.33
United States (Hawaii),Hawaiian Kona,Washed / Wet,7.17,7.5,7.33
Ethiopia,,,7.25,7.25,7.33
Brazil,Catuai,Natural / Dry,7.17,7.33,7.08
Honduras,Caturra,Natural / Dry,7.25,7.25,7
Mexico,Caturra,Washed / Wet,7.25,7.17,7.33
Myanmar,Other,Natural / Dry,8,7.08,7.33
Myanmar,Catuai,Natural / Dry,7.42,7,7
Nicaragua,Caturra,Washed / Wet,7.08,6.92,7.25
United States (Hawaii),Hawaiian Kona,Natural / Dry,7.5,7.08,7.67
Colombia,Typica,Washed / Wet,7.42,8,7.75
Taiwan,Typica,Semi-washed / Semi-pulped,7.25,7.08,7.25
Guatemala,Caturra,Washed / Wet,7,7.17,7.33
Mexico,Caturra,Washed / Wet,7.58,7.33,7.25
Vietnam,Catimor,Other,7.42,7.25,7.58
Nicaragua,Caturra,Washed / Wet,7.17,7.08,7.33
Honduras,Catuai,Washed / Wet,7.25,7.25,7.17
Guatemala,Bourbon,Washed / Wet,7.33,7.33,7.17
Mexico,Typica,Washed / Wet,7.33,7.08,7.42
Mexico,Typica,Washed / Wet,7.58,7.42,7.5
Mexico,Bourbon,Washed / Wet,7.33,7.33,7.08
Guatemala,Bourbon,Washed / Wet,7.33,7.33,7.33
United States (Hawaii),,,7.58,7.5,7.33
Brazil,Bourbon,Pulped natural / honey,7.17,7.17,7.17
Taiwan,Typica,Washed / Wet,7.42,7.25,7.17
Nicaragua,,Natural / Dry,7.25,7.17,7.25
Taiwan,Typica,Other,7.25,7.25,7.25
Taiwan,Typica,Washed / Wet,7.25,7.25,7
Taiwan,Typica,Semi-washed / Semi-pulped,7.25,7.25,7.08
Mexico,Typica,Washed / Wet,7.33,7.17,7.08
Mexico,Typica,Washed / Wet,7.25,7.08,7.17
Nicaragua,Caturra,Washed / Wet,7.33,7.08,7.08
Myanmar,Other,Washed / Wet,7.17,7.33,7.42
Mexico,Typica,Washed / Wet,7.58,7.75,7.5
Taiwan,Typica,Washed / Wet,7.25,7.25,7
Thailand,,Washed / Wet,7.33,6.67,7.42
Mexico,Typica,Washed / Wet,7.25,7.25,7.17
Mexico,Other,Washed / Wet,7.08,7.33,7.33
Ethiopia,,,7.42,7.42,7.92
Colombia,,Washed / Wet,7.83,7.67,7.75
United States (Hawaii),Hawaiian Kona,Natural / Dry,7.5,7,6.92
Mexico,Bourbon,Washed / Wet,7.33,7.08,7.33
Mexico,Other,Washed / Wet,7.17,7.17,7.25
Mexico,Bourbon,Washed / Wet,7.5,7.17,7.17
Mexico,Catuai,Washed / Wet,7.17,7.08,7.08
Mexico,Typica,Natural / Dry,7.33,7.25,7.42
Mexico,Mundo Novo,Washed / Wet,7.17,7.33,7.58
United States (Hawaii),,,7.5,7.42,7.42
Kenya,SL34,Washed / Wet,7,7.08,7.17
Guatemala,Bourbon,Washed / Wet,7.33,7.25,7.33
Nicaragua,Caturra,Washed / Wet,6.83,7.17,6.92
Mexico,Typica,Washed / Wet,7.17,7.08,7.25
United States (Hawaii),Hawaiian Kona,Natural / Dry,7.58,7.08,7.17
Guatemala,Bourbon,Washed / Wet,7.5,7.42,7.58
Taiwan,Typica,Natural / Dry,7.75,7.33,7.33
Taiwan,Typica,Washed / Wet,7.08,7.08,7
Thailand,,Washed / Wet,7.25,7.08,7.5
Peru,,Washed / Wet,7,7.08,7.25
Costa Rica,Catuai,Washed / Wet,7.58,7.5,7.75
Mexico,Typica,Washed / Wet,7.58,7.08,7
Mexico,Bourbon,Washed / Wet,7.58,7.08,7.58
Mexico,Bourbon,Washed / Wet,7.25,7.08,7.17
Mexico,Bourbon,Washed / Wet,7.25,7.17,7.08
Mexico,Typica,Washed / Wet,7.33,7.25,7.08
Guatemala,Bourbon,Washed / Wet,7.58,7.33,7.33
Mexico,Typica,Washed / Wet,7.25,6.83,7.08
Guatemala,Bourbon,Washed / Wet,7.42,7.42,7.58
El Salvador,Bourbon,Washed / Wet,7.25,7.08,6.83
Thailand,,Washed / Wet,6.92,7.17,7.42
Guatemala,Bourbon,Washed / Wet,7.5,7,7.08
Mexico,Typica,Washed / Wet,7.42,7.25,7.58
Mexico,Caturra,Washed / Wet,7.33,7.17,6.75
Mexico,Mundo Novo,Washed / Wet,6.92,7.17,7.17
Thailand,Peaberry,,7.17,7.17,7
Mexico,Typica,Washed / Wet,7.08,7,7.33
Mexico,Caturra,Washed / Wet,7.25,6.92,7.33
Colombia,,,7.25,7.17,6.75
Guatemala,,,7.08,7,7.33
Nicaragua,Caturra,Natural / Dry,6.92,6.92,7.42
Taiwan,Typica,Natural / Dry,6.92,7,7
Colombia,Caturra,Washed / Wet,7.83,7.5,7.42
Mexico,Caturra,Washed / Wet,7.25,7.08,7.25
Mexico,Typica,Washed / Wet,7.25,7.33,7.25
Guatemala,Bourbon,Washed / Wet,7.08,7.33,7.58
Guatemala,Other,Washed / Wet,7.25,7.33,7
Mexico,Typica,Washed / Wet,7,6.83,7.42
Cote d?Ivoire,,Washed / Wet,7.42,7.25,7
Colombia,Caturra,Washed / Wet,7.42,7.25,7.25
Mexico,Typica,Washed / Wet,7,7,7.33
Mexico,Typica,Washed / Wet,7.42,7.17,7.17
Guatemala,Bourbon,Washed / Wet,7.17,6.5,7.25
Taiwan,Typica,Washed / Wet,7.08,6.83,7.25
Mexico,Bourbon,Washed / Wet,7,7,7.17
Guatemala,Bourbon,Washed / Wet,7.33,7.42,7.42
Honduras,Catuai,Washed / Wet,7.58,7,6.92
Guatemala,Bourbon,Washed / Wet,7.08,7,7.42
Guatemala,Catuai,Washed / Wet,7.25,7.17,7.25
Costa Rica,Catuai,Washed / Wet,7.17,7.42,8
Mexico,Typica,Washed / Wet,7.25,7.08,7.08
Mexico,Typica,Washed / Wet,7.17,6.92,7.08
Mexico,Typica,,6.75,6.75,7.25
Guatemala,Bourbon,Washed / Wet,7.58,7.67,7.42
United States (Puerto Rico),Other,Washed / Wet,7.42,7.08,7.33
Mexico,Typica,Washed / Wet,7.33,7,7.25
Mexico,Mundo Novo,Washed / Wet,7.25,7.08,7.33
Mexico,Typica,Washed / Wet,7.17,7.25,7.17
,,,6.75,6.75,6.83
Guatemala,Other,Washed / Wet,7.33,7.17,7.42
Honduras,Pacas,Washed / Wet,7,7,7
Peru,Typica,Washed / Wet,7.67,7.17,7.25
Mexico,Mundo Novo,Natural / Dry,6.75,7.08,7.25
Mexico,Typica,Semi-washed / Semi-pulped,7.5,7.17,7.5
Mexico,Typica,Washed / Wet,7.17,6.83,7.25
Mexico,Typica,Washed / Wet,7.33,7,7.08
Mexico,Typica,Washed / Wet,7.5,7,7.08
Nicaragua,Caturra,Other,7.17,7,7
United States (Hawaii),,Natural / Dry,7.5,6.92,7.25
Guatemala,Bourbon,Washed / Wet,7.33,7.08,7.25
Mexico,Typica,Washed / Wet,7.25,6.83,7
Mexico,Typica,Semi-washed / Semi-pulped,7.25,7.33,7.25
Mexico,Bourbon,Washed / Wet,7.67,7.17,7.33
China,Typica,Washed / Wet,7,6.92,7.17
Mexico,Caturra,Washed / Wet,6.92,6.92,7.25
Nicaragua,,,7.08,7,6.83
Nicaragua,,Natural / Dry,6.83,7.08,6.75
Guatemala,Other,Washed / Wet,7.33,7.17,7.58
Taiwan,Typica,Washed / Wet,6.83,6.75,7.25
Mexico,Typica,Washed / Wet,7,7,7.33
Mexico,Typica,Washed / Wet,7.92,7.58,7.92
United States (Hawaii),,,7.92,6.83,7.42
Mexico,Bourbon,Washed / Wet,7.25,6.75,6.92
Mexico,Typica,Washed / Wet,7.08,6.83,7
Mexico,Caturra,Washed / Wet,7.25,7.17,6.83
Brazil,Catuai,Natural / Dry,6.83,7,7.08
Mexico,Typica,Washed / Wet,7.58,7.17,7.17
United States (Hawaii),Hawaiian Kona,Natural / Dry,7.5,7.75,7.83
Guatemala,Other,Washed / Wet,7.17,6.5,7
Guatemala,Bourbon,Washed / Wet,7.17,7.17,7.17
Mexico,Typica,Natural / Dry,7.25,7.25,7.5
Guatemala,Bourbon,Washed / Wet,7.17,6.08,7.25
United States (Hawaii),Hawaiian Kona,Natural / Dry,7.5,7.5,7.58
United States (Hawaii),Hawaiian Kona,Natural / Dry,7.42,7.33,7.5
Indonesia,Java,Washed / Wet,6.92,6.83,6.92
Mexico,Typica,Washed / Wet,7.08,6.83,7.25
Taiwan,Yellow Bourbon,Washed / Wet,7.5,7.08,7.17
Honduras,Pacas,Natural / Dry,6.83,7,7
United States (Hawaii),Hawaiian Kona,Natural / Dry,7.58,7.33,7.42
Guatemala,Other,Washed / Wet,7.42,7.25,7.33
China,Typica,Washed / Wet,7.33,7.17,7.08
Guatemala,Bourbon,Washed / Wet,7,6.83,7.17
Mexico,Other,Washed / Wet,7.25,7.33,7
Colombia,,,7.42,7.17,7.17
Costa Rica,Caturra,Washed / Wet,7.5,7.25,7
Mexico,Typica,Washed / Wet,7.42,7.25,7
Guatemala,Bourbon,Washed / Wet,7.17,6.17,7.08
Nicaragua,,,7.42,7,7.17
Brazil,,Washed / Wet,7,6.75,6.83
Guatemala,Bourbon,Washed / Wet,7,6.83,7.17
Taiwan,Typica,Washed / Wet,7.17,6.75,7.33
United States (Hawaii),,Natural / Dry,7.58,7.67,7.67
Mexico,Typica,Washed / Wet,7.17,6.75,6.75
Guatemala,Bourbon,Washed / Wet,7.08,6.92,7
Brazil,Bourbon,Natural / Dry,7.5,7.33,7.58
Guatemala,Other,Washed / Wet,7.33,7,7.17
Mexico,Typica,Washed / Wet,7.33,7,7
Haiti,Typica,Washed / Wet,6.83,6.83,6.75
United States (Hawaii),,Natural / Dry,7.08,6.92,6.67
Mexico,Other,Washed / Wet,7.08,7,7.25
Peru,Caturra,Washed / Wet,7.42,7.75,7.67
India,,Natural / Dry,7.67,7.33,6.67
Mexico,Typica,,6.67,6.33,6.83
Guatemala,Bourbon,Washed / Wet,6.42,6.5,7.33
Mexico,Typica,Washed / Wet,7.17,6.58,7
Guatemala,Bourbon,Washed / Wet,7.5,7,7.5
Guatemala,Bourbon,Washed / Wet,6.17,6.5,7.17
United States (Hawaii),Hawaiian Kona,Natural / Dry,7.25,7.08,7.17
United States (Hawaii),,Natural / Dry,7.5,7.33,7.58
Mexico,Typica,Washed / Wet,7.42,7,7.08
Indonesia,Other,Natural / Dry,7.33,7,6.08
Mexico,Bourbon,Washed / Wet,7.08,6.83,7.17
Honduras,Pacas,Natural / Dry,6.83,6.83,6.83
Philippines,,Washed / Wet,6.83,6.5,6.92
Brazil,,Natural / Dry,7.17,7,7.5
Guatemala,Bourbon,Washed / Wet,7.92,7.58,7.58
Guatemala,Bourbon,Washed / Wet,6.67,6.5,7
Mexico,Pacamara,Washed / Wet,7.5,7.25,7
Mexico,Mundo Novo,Washed / Wet,7.17,6.92,6.83
Mexico,Other,Washed / Wet,7.25,6.83,7.08
Mexico,Typica,Washed / Wet,7.17,7.17,7.17
Mexico,Typica,Washed / Wet,7,6.92,6.92
Mexico,Typica,Washed / Wet,7.08,6.75,7
Mexico,Typica,Washed / Wet,7.33,6.75,7.25
Guatemala,Bourbon,Washed / Wet,6.75,6.5,7
Guatemala,Bourbon,Washed / Wet,6.75,6.67,7.17
Mexico,Typica,Washed / Wet,7.08,7,7.5
United States (Hawaii),Hawaiian Kona,Natural / Dry,7.5,7.25,7.25
Guatemala,Bourbon,Washed / Wet,6.5,6.33,7.5
Mexico,Typica,Washed / Wet,7,6.58,6.83
Mexico,Typica,Washed / Wet,6.92,6.42,7.33
Mexico,Typica,Washed / Wet,7.67,7,7.58
United States (Hawaii),Hawaiian Kona,Natural / Dry,7.17,7.17,7.58
Brazil,,,7.25,6.58,7
Honduras,Pacas,Washed / Wet,7,7.17,7.17
Mexico,Typica,Washed / Wet,7.08,7.08,7.08
Colombia,,Natural / Dry,8,7.33,7.33
United States (Hawaii),Hawaiian Kona,Natural / Dry,6.92,6.92,7.5
Haiti,,,6.92,6.75,7.17
Costa Rica,Caturra,Washed / Wet,6.33,6.5,6.83
Mexico,Mundo Novo,Washed / Wet,6.92,6.92,6.92
Mexico,Bourbon,Washed / Wet,6.5,6.67,7.17
Mexico,Typica,Washed / Wet,6.92,7,6.92
Brazil,,Natural / Dry,7,7,7
Honduras,Catuai,Washed / Wet,6.67,6.5,6.67
Honduras,Catuai,Washed / Wet,7,6.17,6.67
Honduras,Catuai,Washed / Wet,7,6.33,6.5
Mexico,Bourbon,Washed / Wet,7.08,6.83,7.42
Haiti,Typica,Natural / Dry,6.75,6.58,6.67
Nicaragua,Caturra,Other,7.25,6.58,6.25
Guatemala,Catuai,Washed / Wet,7.5,6.67,7.67
Honduras,Caturra,,0,0,0
